,image_id,cluster
0,0,92
1,1,83
2,2,28
3,3,41
4,4,71
5,5,3
6,6,43
7,7,19
8,8,5
9,9,54
10,10,84
11,11,8
12,12,58
13,13,13
14,14,17
15,15,86
16,16,8
17,17,57
18,18,98
19,19,39
20,20,77
21,21,28
22,22,50
23,23,82
24,24,96
25,25,89
26,26,98
27,27,21
28,28,57
29,29,51
30,30,17
31,31,51
32,32,51
33,33,49
34,34,24
35,35,28
36,36,11
37,37,13
38,38,81
39,39,12
40,40,12
41,41,57
42,42,27
43,43,43
44,44,77
45,45,18
46,46,75
47,47,81
48,48,53
49,49,69
50,50,81
51,51,68
52,52,93
53,53,83
54,54,50
55,55,81
56,56,16
57,57,25
58,58,19
59,59,43
60,60,54
61,61,53
62,62,48
63,63,73
64,64,22
65,65,3
66,66,6
67,67,6
68,68,1
69,69,75
70,70,69
71,71,43
72,72,22
73,73,73
74,74,75
75,75,33
76,76,63
77,77,18
78,78,30
79,79,81
80,80,76
81,81,69
82,82,48
83,83,92
84,84,10
85,85,10
86,86,39
87,87,19
88,88,21
89,89,9
90,90,55
91,91,49
92,92,49
93,93,26
94,94,2
95,95,18
96,96,30
97,97,3
98,98,0
99,99,73
100,100,57
101,101,79
102,102,5
103,103,33
104,104,61
105,105,44
106,106,33
107,107,49
108,108,72
109,109,37
110,110,98
111,111,56
112,112,73
113,113,40
114,114,81
115,115,37
116,116,10
117,117,22
118,118,2
119,119,75
120,120,31
121,121,14
122,122,81
123,123,30
124,124,5
125,125,44
126,126,56
127,127,98
128,128,75
129,129,1
130,130,99
131,131,11
132,132,59
133,133,96
134,134,18
135,135,10
136,136,2
137,137,82
138,138,64
139,139,64
140,140,75
141,141,13
142,142,84
143,143,8
144,144,76
145,145,14
146,146,25
147,147,21
148,148,70
149,149,98
150,150,6
151,151,44
152,152,22
153,153,63
154,154,94
155,155,48
156,156,87
157,157,22
158,158,67
159,159,22
160,160,43
161,161,94
162,162,9
163,163,68
164,164,30
165,165,55
166,166,80
167,167,57
168,168,58
169,169,53
170,170,4
171,171,3
172,172,33
173,173,43
174,174,88
175,175,31
176,176,21
177,177,98
178,178,95
179,179,2
180,180,2
181,181,45
182,182,24
183,183,40
184,184,53
185,185,10
186,186,18
187,187,73
188,188,6
189,189,48
190,190,14
191,191,96
192,192,90
193,193,91
194,194,63
195,195,64
196,196,50
197,197,26
198,198,99
199,199,98
200,200,56
201,201,19
202,202,39
203,203,94
204,204,46
205,205,18
206,206,20
207,207,71
208,208,65
209,209,70
210,210,30
211,211,17
212,212,85
213,213,75
214,214,26
215,215,1
216,216,48
217,217,93
218,218,4
219,219,75
220,220,98
221,221,18
222,222,48
223,223,63
224,224,18
225,225,59
226,226,0
227,227,89
228,228,2
229,229,32
230,230,3
231,231,44
232,232,38
233,233,12
234,234,6
235,235,21
236,236,76
237,237,89
238,238,55
239,239,0
240,240,38
241,241,38
242,242,67
243,243,77
244,244,97
245,245,75
246,246,84
247,247,39
248,248,99
249,249,68
250,250,48
251,251,30
252,252,9
253,253,12
254,254,21
255,255,4
256,256,41
257,257,24
258,258,99
259,259,15
260,260,4
261,261,96
262,262,62
263,263,14
264,264,56
265,265,48
266,266,14
267,267,26
268,268,45
269,269,10
270,270,39
271,271,20
272,272,44
273,273,52
274,274,69
275,275,15
276,276,98
277,277,3
278,278,6
279,279,9
280,280,58
281,281,0
282,282,77
283,283,38
284,284,25
285,285,68
286,286,23
287,287,21
288,288,23
289,289,27
290,290,61
291,291,22
292,292,57
293,293,85
294,294,39
295,295,70
296,296,75
297,297,14
298,298,39
299,299,38
300,300,85
301,301,98
302,302,86
303,303,42
304,304,57
305,305,8
306,306,41
307,307,42
308,308,23
309,309,39
310,310,18
311,311,0
312,312,35
313,313,83
314,314,27
315,315,75
316,316,88
317,317,93
318,318,49
319,319,3
320,320,30
321,321,58
322,322,53
323,323,39
324,324,90
325,325,34
326,326,60
327,327,4
328,328,11
329,329,31
330,330,20
331,331,90
332,332,29
333,333,48
334,334,65
335,335,2
336,336,26
337,337,88
338,338,90
339,339,75
340,340,29
341,341,30
342,342,39
343,343,2
344,344,74
345,345,19
346,346,37
347,347,3
348,348,4
349,349,82
350,350,22
351,351,42
352,352,88
353,353,14
354,354,67
355,355,56
356,356,9
357,357,55
358,358,74
359,359,50
360,360,93
361,361,18
362,362,65
363,363,41
364,364,63
365,365,58
366,366,76
367,367,23
368,368,5
369,369,10
370,370,45
371,371,45
372,372,75
373,373,39
374,374,75
375,375,16
376,376,47
377,377,85
378,378,66
379,379,82
380,380,3
381,381,87
382,382,17
383,383,42
384,384,88
385,385,33
386,386,73
387,387,26
388,388,32
389,389,46
390,390,57
391,391,48
392,392,28
393,393,67
394,394,69
395,395,42
396,396,41
397,397,55
398,398,8
399,399,67
400,400,99
401,401,33
402,402,22
403,403,88
404,404,11
405,405,35
406,406,5
407,407,81
408,408,28
409,409,17
410,410,50
411,411,4
412,412,98
413,413,22
414,414,24
415,415,82
416,416,77
417,417,29
418,418,1
419,419,89
420,420,19
421,421,35
422,422,76
423,423,65
424,424,87
425,425,80
426,426,54
427,427,80
428,428,58
429,429,45
430,430,99
431,431,63
432,432,95
433,433,82
434,434,59
435,435,2
436,436,73
437,437,1
438,438,50
439,439,60
440,440,73
441,441,23
442,442,67
443,443,33
444,444,26
445,445,86
446,446,29
447,447,83
448,448,55
449,449,88
450,450,77
451,451,81
452,452,44
453,453,88
454,454,49
455,455,85
456,456,97
457,457,11
458,458,23
459,459,76
460,460,22
461,461,75
462,462,67
463,463,4
464,464,51
465,465,6
466,466,82
467,467,47
468,468,67
469,469,49
470,470,38
471,471,64
472,472,67
473,473,41
474,474,71
475,475,36
476,476,50
477,477,74
478,478,33
479,479,73
480,480,4
481,481,26
482,482,23
483,483,28
484,484,44
485,485,99
486,486,32
487,487,69
488,488,21
489,489,37
490,490,38
491,491,26
492,492,17
493,493,64
494,494,53
495,495,90
496,496,1
497,497,56
498,498,22
499,499,28
500,500,55
501,501,19
502,502,77
503,503,99
504,504,33
505,505,62
506,506,73
507,507,63
508,508,11
509,509,19
510,510,62
511,511,14
512,512,26
513,513,33
514,514,8
515,515,55
516,516,8
517,517,57
518,518,34
519,519,85
520,520,54
521,521,2
522,522,85
523,523,44
524,524,18
525,525,22
526,526,21
527,527,30
528,528,39
529,529,9
530,530,9
531,531,50
532,532,64
533,533,8
534,534,22
535,535,95
536,536,14
537,537,17
538,538,9
539,539,97
540,540,92
541,541,34
542,542,3
543,543,40
544,544,90
545,545,42
546,546,45
547,547,1
548,548,65
549,549,65
550,550,62
551,551,14
552,552,55
553,553,35
554,554,57
555,555,1
556,556,65
557,557,8
558,558,54
559,559,74
560,560,12
561,561,65
562,562,57
563,563,94
564,564,52
565,565,68
566,566,85
567,567,98
568,568,59
569,569,89
570,570,15
571,571,99
572,572,63
573,573,35
574,574,60
575,575,50
576,576,12
577,577,0
578,578,94
579,579,0
580,580,89
581,581,95
582,582,74
583,583,39
584,584,20
585,585,37
586,586,96
587,587,57
588,588,23
589,589,11
590,590,48
591,591,45
592,592,50
593,593,71
594,594,3
595,595,45
596,596,76
597,597,31
598,598,23
599,599,27
600,600,65
601,601,35
602,602,65
603,603,62
604,604,26
605,605,71
606,606,99
607,607,33
608,608,29
609,609,87
610,610,65
611,611,1
612,612,9
613,613,86
614,614,29
615,615,10
616,616,55
617,617,55
618,618,39
619,619,90
620,620,41
621,621,49
622,622,83
623,623,32
624,624,24
625,625,23
626,626,23
627,627,69
628,628,81
629,629,96
630,630,82
631,631,56
632,632,41
633,633,17
634,634,89
635,635,9
636,636,35
637,637,76
638,638,71
639,639,94
640,640,49
641,641,3
642,642,37
643,643,97
644,644,46
645,645,73
646,646,60
647,647,28
648,648,68
649,649,63
650,650,52
651,651,67
652,652,55
653,653,98
654,654,71
655,655,76
656,656,18
657,657,36
658,658,98
659,659,27
660,660,4
661,661,29
662,662,26
663,663,71
664,664,98
665,665,28
666,666,44
667,667,22
668,668,1
669,669,80
670,670,75
671,671,17
672,672,81
673,673,78
674,674,0
675,675,80
676,676,39
677,677,74
678,678,20
679,679,28
680,680,83
681,681,90
682,682,13
683,683,99
684,684,27
685,685,5
686,686,41
687,687,16
688,688,23
689,689,19
690,690,41
691,691,56
692,692,2
693,693,69
694,694,48
695,695,41
696,696,34
697,697,49
698,698,41
699,699,23
700,700,19
701,701,88
702,702,60
703,703,50
704,704,81
705,705,9
706,706,50
707,707,50
708,708,95
709,709,34
710,710,22
711,711,71
712,712,36
713,713,86
714,714,44
715,715,90
716,716,60
717,717,6
718,718,25
719,719,6
720,720,55
721,721,75
722,722,90
723,723,62
724,724,41
725,725,94
726,726,14
727,727,10
728,728,9
729,729,5
730,730,9
731,731,65
732,732,4
733,733,27
734,734,43
735,735,64
736,736,65
737,737,88
738,738,71
739,739,49
740,740,70
741,741,70
742,742,71
743,743,13
744,744,53
745,745,0
746,746,30
747,747,98
748,748,77
749,749,39
750,750,45
751,751,28
752,752,32
753,753,94
754,754,84
755,755,40
756,756,62
757,757,0
758,758,99
759,759,27
760,760,29
761,761,66
762,762,16
763,763,44
764,764,9
765,765,65
766,766,71
767,767,59
768,768,45
769,769,30
770,770,55
771,771,3
772,772,49
773,773,54
774,774,67
775,775,18
776,776,91
777,777,84
778,778,21
779,779,45
780,780,22
781,781,90
782,782,96
783,783,4
784,784,37
785,785,62
786,786,74
787,787,13
788,788,82
789,789,5
790,790,54
791,791,30
792,792,39
793,793,90
794,794,20
795,795,2
796,796,9
797,797,18
798,798,9
799,799,40
800,800,23
801,801,9
802,802,93
803,803,81
804,804,33
805,805,96
806,806,55
807,807,52
808,808,20
809,809,98
810,810,0
811,811,29
812,812,52
813,813,2
814,814,2
815,815,37
816,816,24
817,817,60
818,818,50
819,819,85
820,820,25
821,821,6
822,822,81
823,823,9
824,824,80
825,825,56
826,826,3
827,827,37
828,828,75
829,829,1
830,830,44
831,831,23
832,832,20
833,833,70
834,834,33
835,835,82
836,836,33
837,837,18
838,838,82
839,839,22
840,840,35
841,841,65
842,842,52
843,843,78
844,844,13
845,845,98
846,846,31
847,847,23
848,848,52
849,849,53
850,850,71
851,851,28
852,852,53
853,853,19
854,854,75
855,855,55
856,856,0
857,857,71
858,858,96
859,859,41
860,860,65
861,861,99
862,862,53
863,863,29
864,864,53
865,865,16
866,866,76
867,867,83
868,868,76
869,869,4
870,870,11
871,871,74
872,872,72
873,873,8
874,874,30
875,875,59
876,876,30
877,877,14
878,878,28
879,879,30
880,880,12
881,881,45
882,882,65
883,883,19
884,884,16
885,885,10
886,886,37
887,887,82
888,888,55
889,889,61
890,890,38
891,891,74
892,892,64
893,893,18
894,894,64
895,895,98
896,896,2
897,897,36
898,898,67
899,899,48
900,900,54
901,901,87
902,902,46
903,903,44
904,904,60
905,905,82
906,906,22
907,907,76
908,908,32
909,909,75
910,910,48
911,911,67
912,912,62
913,913,26
914,914,54
915,915,10
916,916,61
917,917,85
918,918,63
919,919,43
920,920,18
921,921,75
922,922,12
923,923,95
924,924,15
925,925,2
926,926,83
927,927,76
928,928,77
929,929,0
930,930,42
931,931,10
932,932,50
933,933,99
934,934,4
935,935,71
936,936,38
937,937,74
938,938,7
939,939,82
940,940,28
941,941,23
942,942,86
943,943,35
944,944,68
945,945,63
946,946,86
947,947,50
948,948,40
949,949,70
950,950,42
951,951,67
952,952,58
953,953,68
954,954,82
955,955,71
956,956,30
957,957,80
958,958,68
959,959,45
960,960,70
961,961,30
962,962,74
963,963,2
964,964,39
965,965,55
966,966,64
967,967,35
968,968,96
969,969,68
970,970,48
971,971,4
972,972,24
973,973,29
974,974,28
975,975,9
976,976,0
977,977,48
978,978,44
979,979,74
980,980,5
981,981,56
982,982,51
983,983,48
984,984,80
985,985,41
986,986,68
987,987,13
988,988,67
989,989,23
990,990,75
991,991,54
992,992,6
993,993,13
994,994,13
995,995,62
996,996,25
997,997,33
998,998,95
999,999,9
1000,1000,32
1001,1001,5
1002,1002,91
1003,1003,32
1004,1004,6
1005,1005,80
1006,1006,75
1007,1007,81
1008,1008,36
1009,1009,48
1010,1010,48
1011,1011,57
1012,1012,30
1013,1013,75
1014,1014,37
1015,1015,57
1016,1016,90
1017,1017,23
1018,1018,75
1019,1019,28
1020,1020,48
1021,1021,67
1022,1022,84
1023,1023,3
1024,1024,69
1025,1025,16
1026,1026,91
1027,1027,93
1028,1028,35
1029,1029,4
1030,1030,46
1031,1031,25
1032,1032,63
1033,1033,48
1034,1034,34
1035,1035,44
1036,1036,11
1037,1037,18
1038,1038,23
1039,1039,23
1040,1040,11
1041,1041,79
1042,1042,38
1043,1043,45
1044,1044,77
1045,1045,67
1046,1046,91
1047,1047,28
1048,1048,87
1049,1049,33
1050,1050,88
1051,1051,29
1052,1052,9
1053,1053,32
1054,1054,75
1055,1055,22
1056,1056,65
1057,1057,80
1058,1058,3
1059,1059,77
1060,1060,53
1061,1061,11
1062,1062,82
1063,1063,21
1064,1064,15
1065,1065,56
1066,1066,59
1067,1067,22
1068,1068,81
1069,1069,54
1070,1070,52
1071,1071,31
1072,1072,8
1073,1073,46
1074,1074,85
1075,1075,91
1076,1076,22
1077,1077,83
1078,1078,79
1079,1079,77
1080,1080,59
1081,1081,5
1082,1082,62
1083,1083,86
1084,1084,56
1085,1085,12
1086,1086,14
1087,1087,1
1088,1088,30
1089,1089,38
1090,1090,30
1091,1091,37
1092,1092,24
1093,1093,30
1094,1094,26
1095,1095,26
1096,1096,37
1097,1097,30
1098,1098,26
1099,1099,87
1100,1100,10
1101,1101,87
1102,1102,56
1103,1103,49
1104,1104,4
1105,1105,18
1106,1106,84
1107,1107,48
1108,1108,83
1109,1109,85
1110,1110,59
1111,1111,22
1112,1112,22
1113,1113,80
1114,1114,76
1115,1115,10
1116,1116,53
1117,1117,9
1118,1118,2
1119,1119,39
1120,1120,74
1121,1121,46
1122,1122,56
1123,1123,22
1124,1124,74
1125,1125,29
1126,1126,2
1127,1127,98
1128,1128,24
1129,1129,98
1130,1130,77
1131,1131,35
1132,1132,44
1133,1133,18
1134,1134,41
1135,1135,43
1136,1136,35
1137,1137,44
1138,1138,22
1139,1139,32
1140,1140,85
1141,1141,44
1142,1142,11
1143,1143,14
1144,1144,83
1145,1145,30
1146,1146,55
1147,1147,87
1148,1148,86
1149,1149,52
1150,1150,49
1151,1151,92
1152,1152,88
1153,1153,52
1154,1154,60
1155,1155,62
1156,1156,23
1157,1157,3
1158,1158,5
1159,1159,86
1160,1160,29
1161,1161,5
1162,1162,1
1163,1163,12
1164,1164,82
1165,1165,67
1166,1166,54
1167,1167,48
1168,1168,54
1169,1169,0
1170,1170,23
1171,1171,18
1172,1172,44
1173,1173,65
1174,1174,82
1175,1175,21
1176,1176,13
1177,1177,6
1178,1178,53
1179,1179,46
1180,1180,4
1181,1181,29
1182,1182,87
1183,1183,46
1184,1184,1
1185,1185,9
1186,1186,38
1187,1187,82
1188,1188,75
1189,1189,38
1190,1190,23
1191,1191,29
1192,1192,26
1193,1193,50
1194,1194,9
1195,1195,54
1196,1196,26
1197,1197,45
1198,1198,94
1199,1199,29
1200,1200,99
1201,1201,53
1202,1202,90
1203,1203,16
1204,1204,68
1205,1205,62
1206,1206,55
1207,1207,26
1208,1208,52
1209,1209,0
1210,1210,44
1211,1211,45
1212,1212,88
1213,1213,65
1214,1214,61
1215,1215,95
1216,1216,5
1217,1217,23
1218,1218,91
1219,1219,31
1220,1220,1
1221,1221,28
1222,1222,55
1223,1223,45
1224,1224,70
1225,1225,73
1226,1226,74
1227,1227,91
1228,1228,8
1229,1229,30
1230,1230,68
1231,1231,29
1232,1232,19
1233,1233,18
1234,1234,21
1235,1235,55
1236,1236,16
1237,1237,60
1238,1238,82
1239,1239,88
1240,1240,44
1241,1241,29
1242,1242,37
1243,1243,40
1244,1244,81
1245,1245,23
1246,1246,1
1247,1247,59
1248,1248,15
1249,1249,33
1250,1250,52
1251,1251,83
1252,1252,31
1253,1253,18
1254,1254,50
1255,1255,53
1256,1256,76
1257,1257,36
1258,1258,54
1259,1259,0
1260,1260,9
1261,1261,55
1262,1262,2
1263,1263,69
1264,1264,0
1265,1265,82
1266,1266,11
1267,1267,13
1268,1268,21
1269,1269,84
1270,1270,26
1271,1271,53
1272,1272,4
1273,1273,23
1274,1274,17
1275,1275,76
1276,1276,68
1277,1277,0
1278,1278,45
1279,1279,87
1280,1280,63
1281,1281,36
1282,1282,95
1283,1283,22
1284,1284,23
1285,1285,0
1286,1286,11
1287,1287,69
1288,1288,98
1289,1289,28
1290,1290,86
1291,1291,38
1292,1292,64
1293,1293,60
1294,1294,96
1295,1295,22
1296,1296,76
1297,1297,33
1298,1298,8
1299,1299,37
1300,1300,84
1301,1301,97
1302,1302,59
1303,1303,4
1304,1304,31
1305,1305,76
1306,1306,68
1307,1307,46
1308,1308,4
1309,1309,38
1310,1310,80
1311,1311,32
1312,1312,47
1313,1313,8
1314,1314,30
1315,1315,11
1316,1316,9
1317,1317,44
1318,1318,56
1319,1319,14
1320,1320,55
1321,1321,78
1322,1322,59
1323,1323,63
1324,1324,16
1325,1325,29
1326,1326,82
1327,1327,98
1328,1328,8
1329,1329,16
1330,1330,26
1331,1331,79
1332,1332,16
1333,1333,89
1334,1334,49
1335,1335,8
1336,1336,41
1337,1337,30
1338,1338,14
1339,1339,1
1340,1340,97
1341,1341,45
1342,1342,74
1343,1343,55
1344,1344,99
1345,1345,79
1346,1346,32
1347,1347,63
1348,1348,43
1349,1349,94
1350,1350,91
1351,1351,23
1352,1352,30
1353,1353,27
1354,1354,6
1355,1355,35
1356,1356,80
1357,1357,16
1358,1358,38
1359,1359,19
1360,1360,52
1361,1361,39
1362,1362,12
1363,1363,62
1364,1364,48
1365,1365,16
1366,1366,16
1367,1367,38
1368,1368,32
1369,1369,36
1370,1370,80
1371,1371,22
1372,1372,45
1373,1373,63
1374,1374,48
1375,1375,5
1376,1376,35
1377,1377,53
1378,1378,52
1379,1379,53
1380,1380,9
1381,1381,11
1382,1382,30
1383,1383,97
1384,1384,5
1385,1385,43
1386,1386,40
1387,1387,29
1388,1388,53
1389,1389,59
1390,1390,10
1391,1391,17
1392,1392,48
1393,1393,14
1394,1394,59
1395,1395,30
1396,1396,41
1397,1397,90
1398,1398,48
1399,1399,28
1400,1400,56
1401,1401,81
1402,1402,30
1403,1403,48
1404,1404,4
1405,1405,67
1406,1406,84
1407,1407,80
1408,1408,89
1409,1409,50
1410,1410,58
1411,1411,53
1412,1412,62
1413,1413,4
1414,1414,75
1415,1415,91
1416,1416,2
1417,1417,27
1418,1418,2
1419,1419,22
1420,1420,37
1421,1421,19
1422,1422,91
1423,1423,16
1424,1424,20
1425,1425,18
1426,1426,90
1427,1427,66
1428,1428,8
1429,1429,67
1430,1430,36
1431,1431,84
1432,1432,23
1433,1433,38
1434,1434,45
1435,1435,1
1436,1436,10
1437,1437,44
1438,1438,77
1439,1439,56
1440,1440,44
1441,1441,24
1442,1442,67
1443,1443,69
1444,1444,52
1445,1445,98
1446,1446,36
1447,1447,73
1448,1448,94
1449,1449,14
1450,1450,6
1451,1451,94
1452,1452,56
1453,1453,46
1454,1454,36
1455,1455,82
1456,1456,8
1457,1457,41
1458,1458,48
1459,1459,25
1460,1460,9
1461,1461,85
1462,1462,6
1463,1463,64
1464,1464,48
1465,1465,84
1466,1466,4
1467,1467,67
1468,1468,97
1469,1469,64
1470,1470,6
1471,1471,48
1472,1472,53
1473,1473,7
1474,1474,59
1475,1475,1
1476,1476,28
1477,1477,11
1478,1478,76
1479,1479,95
1480,1480,20
1481,1481,98
1482,1482,67
1483,1483,47
1484,1484,59
1485,1485,18
1486,1486,87
1487,1487,89
1488,1488,44
1489,1489,20
1490,1490,10
1491,1491,53
1492,1492,55
1493,1493,36
1494,1494,8
1495,1495,94
1496,1496,4
1497,1497,35
1498,1498,14
1499,1499,74
1500,1500,28
1501,1501,40
1502,1502,31
1503,1503,15
1504,1504,10
1505,1505,92
1506,1506,21
1507,1507,30
1508,1508,11
1509,1509,87
1510,1510,49
1511,1511,67
1512,1512,68
1513,1513,84
1514,1514,30
1515,1515,20
1516,1516,97
1517,1517,53
1518,1518,74
1519,1519,64
1520,1520,23
1521,1521,91
1522,1522,83
1523,1523,18
1524,1524,23
1525,1525,39
1526,1526,9
1527,1527,48
1528,1528,1
1529,1529,85
1530,1530,37
1531,1531,77
1532,1532,67
1533,1533,13
1534,1534,84
1535,1535,1
1536,1536,50
1537,1537,9
1538,1538,77
1539,1539,40
1540,1540,62
1541,1541,28
1542,1542,67
1543,1543,65
1544,1544,95
1545,1545,21
1546,1546,6
1547,1547,62
1548,1548,3
1549,1549,84
1550,1550,43
1551,1551,11
1552,1552,26
1553,1553,54
1554,1554,98
1555,1555,74
1556,1556,77
1557,1557,83
1558,1558,45
1559,1559,39
1560,1560,82
1561,1561,71
1562,1562,84
1563,1563,25
1564,1564,48
1565,1565,27
1566,1566,18
1567,1567,81
1568,1568,4
1569,1569,70
1570,1570,98
1571,1571,53
1572,1572,65
1573,1573,33
1574,1574,46
1575,1575,11
1576,1576,73
1577,1577,87
1578,1578,28
1579,1579,73
1580,1580,51
1581,1581,29
1582,1582,51
1583,1583,59
1584,1584,60
1585,1585,9
1586,1586,48
1587,1587,84
1588,1588,5
1589,1589,11
1590,1590,38
1591,1591,48
1592,1592,23
1593,1593,26
1594,1594,8
1595,1595,19
1596,1596,31
1597,1597,41
1598,1598,56
1599,1599,5
1600,1600,98
1601,1601,64
1602,1602,3
1603,1603,81
1604,1604,62
1605,1605,84
1606,1606,0
1607,1607,12
1608,1608,82
1609,1609,30
1610,1610,73
1611,1611,30
1612,1612,8
1613,1613,75
1614,1614,94
1615,1615,39
1616,1616,24
1617,1617,10
1618,1618,81
1619,1619,32
1620,1620,90
1621,1621,96
1622,1622,69
1623,1623,85
1624,1624,62
1625,1625,36
1626,1626,98
1627,1627,39
1628,1628,29
1629,1629,19
1630,1630,70
1631,1631,9
1632,1632,84
1633,1633,69
1634,1634,44
1635,1635,47
1636,1636,17
1637,1637,9
1638,1638,13
1639,1639,8
1640,1640,64
1641,1641,23
1642,1642,41
1643,1643,98
1644,1644,3
1645,1645,87
1646,1646,52
1647,1647,99
1648,1648,35
1649,1649,39
1650,1650,30
1651,1651,99
1652,1652,53
1653,1653,87
1654,1654,14
1655,1655,82
1656,1656,44
1657,1657,83
1658,1658,71
1659,1659,82
1660,1660,9
1661,1661,88
1662,1662,82
1663,1663,49
1664,1664,54
1665,1665,9
1666,1666,95
1667,1667,6
1668,1668,57
1669,1669,84
1670,1670,80
1671,1671,97
1672,1672,52
1673,1673,82
1674,1674,54
1675,1675,5
1676,1676,67
1677,1677,80
1678,1678,8
1679,1679,70
1680,1680,48
1681,1681,29
1682,1682,1
1683,1683,23
1684,1684,67
1685,1685,23
1686,1686,11
1687,1687,23
1688,1688,4
1689,1689,14
1690,1690,55
1691,1691,84
1692,1692,89
1693,1693,22
1694,1694,65
1695,1695,45
1696,1696,0
1697,1697,32
1698,1698,50
1699,1699,48
1700,1700,43
1701,1701,59
1702,1702,41
1703,1703,28
1704,1704,45
1705,1705,23
1706,1706,65
1707,1707,38
1708,1708,23
1709,1709,40
1710,1710,82
1711,1711,90
1712,1712,29
1713,1713,4
1714,1714,82
1715,1715,30
1716,1716,24
1717,1717,77
1718,1718,26
1719,1719,4
1720,1720,48
1721,1721,2
1722,1722,76
1723,1723,84
1724,1724,12
1725,1725,87
1726,1726,2
1727,1727,2
1728,1728,28
1729,1729,20
1730,1730,74
1731,1731,71
1732,1732,16
1733,1733,88
1734,1734,27
1735,1735,76
1736,1736,67
1737,1737,76
1738,1738,33
1739,1739,2
1740,1740,16
1741,1741,14
1742,1742,69
1743,1743,50
1744,1744,42
1745,1745,8
1746,1746,89
1747,1747,84
1748,1748,77
1749,1749,11
1750,1750,56
1751,1751,15
1752,1752,73
1753,1753,28
1754,1754,41
1755,1755,39
1756,1756,71
1757,1757,34
1758,1758,62
1759,1759,30
1760,1760,76
1761,1761,68
1762,1762,23
1763,1763,61
1764,1764,59
1765,1765,93
1766,1766,2
1767,1767,48
1768,1768,28
1769,1769,45
1770,1770,3
1771,1771,41
1772,1772,19
1773,1773,69
1774,1774,71
1775,1775,73
1776,1776,75
1777,1777,37
1778,1778,30
1779,1779,56
1780,1780,13
1781,1781,74
1782,1782,4
1783,1783,23
1784,1784,87
1785,1785,28
1786,1786,18
1787,1787,91
1788,1788,5
1789,1789,59
1790,1790,75
1791,1791,73
1792,1792,30
1793,1793,68
1794,1794,9
1795,1795,38
1796,1796,26
1797,1797,28
1798,1798,49
1799,1799,62
1800,1800,10
1801,1801,41
1802,1802,45
1803,1803,87
1804,1804,68
1805,1805,5
1806,1806,77
1807,1807,17
1808,1808,64
1809,1809,98
1810,1810,82
1811,1811,44
1812,1812,32
1813,1813,25
1814,1814,37
1815,1815,5
1816,1816,16
1817,1817,49
1818,1818,23
1819,1819,37
1820,1820,5
1821,1821,16
1822,1822,44
1823,1823,39
1824,1824,0
1825,1825,46
1826,1826,38
1827,1827,36
1828,1828,28
1829,1829,87
1830,1830,99
1831,1831,45
1832,1832,30
1833,1833,41
1834,1834,67
1835,1835,20
1836,1836,95
1837,1837,13
1838,1838,29
1839,1839,9
1840,1840,30
1841,1841,59
1842,1842,19
1843,1843,14
1844,1844,38
1845,1845,25
1846,1846,58
1847,1847,4
1848,1848,73
1849,1849,48
1850,1850,0
1851,1851,11
1852,1852,27
1853,1853,48
1854,1854,77
1855,1855,88
1856,1856,13
1857,1857,73
1858,1858,95
1859,1859,29
1860,1860,10
1861,1861,13
1862,1862,23
1863,1863,26
1864,1864,2
1865,1865,13
1866,1866,76
1867,1867,82
1868,1868,50
1869,1869,85
1870,1870,87
1871,1871,4
1872,1872,74
1873,1873,37
1874,1874,79
1875,1875,71
1876,1876,9
1877,1877,13
1878,1878,12
1879,1879,65
1880,1880,81
1881,1881,73
1882,1882,95
1883,1883,65
1884,1884,29
1885,1885,56
1886,1886,4
1887,1887,9
1888,1888,24
1889,1889,50
1890,1890,70
1891,1891,54
1892,1892,68
1893,1893,25
1894,1894,41
1895,1895,57
1896,1896,56
1897,1897,67
1898,1898,98
1899,1899,37
1900,1900,94
1901,1901,89
1902,1902,96
1903,1903,18
1904,1904,64
1905,1905,28
1906,1906,36
1907,1907,56
1908,1908,44
1909,1909,4
1910,1910,35
1911,1911,14
1912,1912,98
1913,1913,30
1914,1914,29
1915,1915,89
1916,1916,30
1917,1917,60
1918,1918,76
1919,1919,8
1920,1920,95
1921,1921,29
1922,1922,21
1923,1923,8
1924,1924,58
1925,1925,72
1926,1926,69
1927,1927,82
1928,1928,62
1929,1929,4
1930,1930,20
1931,1931,36
1932,1932,10
1933,1933,1
1934,1934,84
1935,1935,73
1936,1936,68
1937,1937,22
1938,1938,5
1939,1939,11
1940,1940,41
1941,1941,44
1942,1942,19
1943,1943,52
1944,1944,57
1945,1945,16
1946,1946,21
1947,1947,4
1948,1948,35
1949,1949,87
1950,1950,39
1951,1951,84
1952,1952,49
1953,1953,72
1954,1954,12
1955,1955,39
1956,1956,71
1957,1957,4
1958,1958,26
1959,1959,25
1960,1960,77
1961,1961,73
1962,1962,30
1963,1963,82
1964,1964,62
1965,1965,69
1966,1966,2
1967,1967,34
1968,1968,26
1969,1969,71
1970,1970,67
1971,1971,5
1972,1972,83
1973,1973,83
1974,1974,18
1975,1975,25
1976,1976,65
1977,1977,40
1978,1978,97
1979,1979,99
1980,1980,5
1981,1981,52
1982,1982,93
1983,1983,57
1984,1984,59
1985,1985,15
1986,1986,54
1987,1987,5
1988,1988,29
1989,1989,83
1990,1990,10
1991,1991,20
1992,1992,89
1993,1993,17
1994,1994,52
1995,1995,76
1996,1996,4
1997,1997,17
1998,1998,75
1999,1999,22
2000,2000,5
2001,2001,30
2002,2002,2
2003,2003,33
2004,2004,75
2005,2005,11
2006,2006,89
2007,2007,8
2008,2008,61
2009,2009,75
2010,2010,6
2011,2011,83
2012,2012,53
2013,2013,42
2014,2014,55
2015,2015,45
2016,2016,90
2017,2017,37
2018,2018,6
2019,2019,37
2020,2020,28
2021,2021,82
2022,2022,8
2023,2023,39
2024,2024,42
2025,2025,53
2026,2026,13
2027,2027,56
2028,2028,4
2029,2029,66
2030,2030,61
2031,2031,53
2032,2032,10
2033,2033,16
2034,2034,98
2035,2035,57
2036,2036,31
2037,2037,80
2038,2038,49
2039,2039,95
2040,2040,28
2041,2041,71
2042,2042,49
2043,2043,18
2044,2044,88
2045,2045,30
2046,2046,16
2047,2047,76
2048,2048,19
2049,2049,21
2050,2050,93
2051,2051,53
2052,2052,41
2053,2053,37
2054,2054,57
2055,2055,29
2056,2056,0
2057,2057,29
2058,2058,94
2059,2059,51
2060,2060,67
2061,2061,38
2062,2062,60
2063,2063,30
2064,2064,48
2065,2065,95
2066,2066,8
2067,2067,18
2068,2068,7
2069,2069,77
2070,2070,56
2071,2071,80
2072,2072,1
2073,2073,83
2074,2074,31
2075,2075,65
2076,2076,30
2077,2077,34
2078,2078,2
2079,2079,24
2080,2080,21
2081,2081,4
2082,2082,75
2083,2083,5
2084,2084,11
2085,2085,0
2086,2086,39
2087,2087,64
2088,2088,40
2089,2089,61
2090,2090,81
2091,2091,72
2092,2092,64
2093,2093,59
2094,2094,8
2095,2095,17
2096,2096,91
2097,2097,18
2098,2098,45
2099,2099,75
2100,2100,28
2101,2101,68
2102,2102,80
2103,2103,34
2104,2104,99
2105,2105,18
2106,2106,34
2107,2107,90
2108,2108,55
2109,2109,23
2110,2110,44
2111,2111,10
2112,2112,34
2113,2113,39
2114,2114,32
2115,2115,20
2116,2116,44
2117,2117,18
2118,2118,42
2119,2119,67
2120,2120,45
2121,2121,59
2122,2122,70
2123,2123,12
2124,2124,29
2125,2125,67
2126,2126,29
2127,2127,38
2128,2128,74
2129,2129,29
2130,2130,23
2131,2131,4
2132,2132,20
2133,2133,17
2134,2134,77
2135,2135,90
2136,2136,26
2137,2137,4
2138,2138,31
2139,2139,62
2140,2140,43
2141,2141,98
2142,2142,99
2143,2143,84
2144,2144,84
2145,2145,95
2146,2146,5
2147,2147,23
2148,2148,83
2149,2149,43
2150,2150,32
2151,2151,1
2152,2152,98
2153,2153,32
2154,2154,20
2155,2155,19
2156,2156,60
2157,2157,37
2158,2158,34
2159,2159,97
2160,2160,11
2161,2161,75
2162,2162,40
2163,2163,18
2164,2164,27
2165,2165,9
2166,2166,1
2167,2167,14
2168,2168,45
2169,2169,35
2170,2170,47
2171,2171,89
2172,2172,4
2173,2173,53
2174,2174,64
2175,2175,24
2176,2176,53
2177,2177,9
2178,2178,98
2179,2179,14
2180,2180,33
2181,2181,41
2182,2182,4
2183,2183,48
2184,2184,68
2185,2185,53
2186,2186,5
2187,2187,70
2188,2188,83
2189,2189,53
2190,2190,10
2191,2191,53
2192,2192,67
2193,2193,41
2194,2194,48
2195,2195,60
2196,2196,91
2197,2197,26
2198,2198,2
2199,2199,83
2200,2200,44
2201,2201,71
2202,2202,76
2203,2203,5
2204,2204,59
2205,2205,11
2206,2206,99
2207,2207,32
2208,2208,26
2209,2209,3
2210,2210,4
2211,2211,36
2212,2212,96
2213,2213,6
2214,2214,77
2215,2215,26
2216,2216,77
2217,2217,39
2218,2218,17
2219,2219,67
2220,2220,50
2221,2221,84
2222,2222,41
2223,2223,97
2224,2224,30
2225,2225,51
2226,2226,43
2227,2227,29
2228,2228,19
2229,2229,98
2230,2230,44
2231,2231,71
2232,2232,42
2233,2233,55
2234,2234,82
2235,2235,5
2236,2236,25
2237,2237,44
2238,2238,30
2239,2239,15
2240,2240,51
2241,2241,86
2242,2242,30
2243,2243,61
2244,2244,25
2245,2245,56
2246,2246,29
2247,2247,87
2248,2248,19
2249,2249,99
2250,2250,9
2251,2251,59
2252,2252,65
2253,2253,61
2254,2254,11
2255,2255,74
2256,2256,30
2257,2257,34
2258,2258,81
2259,2259,42
2260,2260,4
2261,2261,1
2262,2262,95
2263,2263,93
2264,2264,4
2265,2265,18
2266,2266,45
2267,2267,65
2268,2268,38
2269,2269,39
2270,2270,2
2271,2271,82
2272,2272,21
2273,2273,51
2274,2274,73
2275,2275,24
2276,2276,4
2277,2277,65
2278,2278,89
2279,2279,0
2280,2280,23
2281,2281,65
2282,2282,26
2283,2283,10
2284,2284,9
2285,2285,73
2286,2286,81
2287,2287,56
2288,2288,23
2289,2289,3
2290,2290,56
2291,2291,50
2292,2292,11
2293,2293,99
2294,2294,11
2295,2295,55
2296,2296,87
2297,2297,73
2298,2298,98
2299,2299,47
2300,2300,50
2301,2301,18
2302,2302,85
2303,2303,36
2304,2304,26
2305,2305,40
2306,2306,49
2307,2307,9
2308,2308,9
2309,2309,30
2310,2310,17
2311,2311,26
2312,2312,10
2313,2313,31
2314,2314,83
2315,2315,33
2316,2316,59
2317,2317,69
2318,2318,1
2319,2319,51
2320,2320,69
2321,2321,71
2322,2322,20
2323,2323,50
2324,2324,82
2325,2325,33
2326,2326,34
2327,2327,31
2328,2328,47
2329,2329,85
2330,2330,42
2331,2331,4
2332,2332,21
2333,2333,99
2334,2334,48
2335,2335,87
2336,2336,57
2337,2337,71
2338,2338,99
2339,2339,98
2340,2340,70
2341,2341,2
2342,2342,26
2343,2343,72
2344,2344,73
2345,2345,28
2346,2346,54
2347,2347,8
2348,2348,36
2349,2349,99
2350,2350,90
2351,2351,63
2352,2352,61
2353,2353,22
2354,2354,1
2355,2355,51
2356,2356,53
2357,2357,8
2358,2358,23
2359,2359,48
2360,2360,37
2361,2361,23
2362,2362,32
2363,2363,76
2364,2364,23
2365,2365,31
2366,2366,85
2367,2367,3
2368,2368,89
2369,2369,39
2370,2370,44
2371,2371,26
2372,2372,11
2373,2373,87
2374,2374,56
2375,2375,41
2376,2376,69
2377,2377,89
2378,2378,98
2379,2379,77
2380,2380,0
2381,2381,14
2382,2382,62
2383,2383,46
2384,2384,71
2385,2385,91
2386,2386,80
2387,2387,37
2388,2388,60
2389,2389,20
2390,2390,88
2391,2391,17
2392,2392,9
2393,2393,18
2394,2394,25
2395,2395,37
2396,2396,14
2397,2397,6
2398,2398,84
2399,2399,89
2400,2400,20
2401,2401,68
2402,2402,29
2403,2403,22
2404,2404,38
2405,2405,32
2406,2406,56
2407,2407,81
2408,2408,25
2409,2409,77
2410,2410,8
2411,2411,19
2412,2412,83
2413,2413,26
2414,2414,48
2415,2415,11
2416,2416,66
2417,2417,26
2418,2418,50
2419,2419,67
2420,2420,64
2421,2421,68
2422,2422,30
2423,2423,77
2424,2424,15
2425,2425,30
2426,2426,95
2427,2427,77
2428,2428,71
2429,2429,94
2430,2430,24
2431,2431,39
2432,2432,10
2433,2433,44
2434,2434,45
2435,2435,22
2436,2436,71
2437,2437,48
2438,2438,33
2439,2439,84
2440,2440,83
2441,2441,44
2442,2442,98
2443,2443,48
2444,2444,39
2445,2445,23
2446,2446,48
2447,2447,48
2448,2448,68
2449,2449,39
2450,2450,87
2451,2451,70
2452,2452,23
2453,2453,9
2454,2454,57
2455,2455,29
2456,2456,80
2457,2457,0
2458,2458,33
2459,2459,29
2460,2460,42
2461,2461,92
2462,2462,40
2463,2463,34
2464,2464,8
2465,2465,62
2466,2466,98
2467,2467,30
2468,2468,23
2469,2469,62
2470,2470,93
2471,2471,52
2472,2472,30
2473,2473,69
2474,2474,80
2475,2475,30
2476,2476,75
2477,2477,83
2478,2478,68
2479,2479,20
2480,2480,76
2481,2481,19
2482,2482,6
2483,2483,94
2484,2484,87
2485,2485,87
2486,2486,74
2487,2487,69
2488,2488,48
2489,2489,53
2490,2490,39
2491,2491,70
2492,2492,25
2493,2493,58
2494,2494,6
2495,2495,37
2496,2496,42
2497,2497,79
2498,2498,19
2499,2499,57
2500,2500,43
2501,2501,34
2502,2502,70
2503,2503,89
2504,2504,79
2505,2505,27
2506,2506,81
2507,2507,89
2508,2508,16
2509,2509,53
2510,2510,41
2511,2511,80
2512,2512,28
2513,2513,50
2514,2514,21
2515,2515,40
2516,2516,25
2517,2517,2
2518,2518,92
2519,2519,81
2520,2520,6
2521,2521,9
2522,2522,69
2523,2523,46
2524,2524,95
2525,2525,57
2526,2526,31
2527,2527,84
2528,2528,30
2529,2529,93
2530,2530,44
2531,2531,2
2532,2532,7
2533,2533,50
2534,2534,74
2535,2535,28
2536,2536,29
2537,2537,57
2538,2538,12
2539,2539,89
2540,2540,33
2541,2541,38
2542,2542,75
2543,2543,0
2544,2544,8
2545,2545,20
2546,2546,5
2547,2547,52
2548,2548,65
2549,2549,98
2550,2550,8
2551,2551,16
2552,2552,30
2553,2553,30
2554,2554,30
2555,2555,92
2556,2556,4
2557,2557,55
2558,2558,57
2559,2559,74
2560,2560,64
2561,2561,40
2562,2562,70
2563,2563,65
2564,2564,1
2565,2565,84
2566,2566,20
2567,2567,23
2568,2568,32
2569,2569,95
2570,2570,52
2571,2571,12
2572,2572,36
2573,2573,95
2574,2574,42
2575,2575,67
2576,2576,28
2577,2577,34
2578,2578,84
2579,2579,68
2580,2580,29
2581,2581,30
2582,2582,64
2583,2583,77
2584,2584,98
2585,2585,73
2586,2586,67
2587,2587,14
2588,2588,18
2589,2589,83
2590,2590,11
2591,2591,64
2592,2592,32
2593,2593,71
2594,2594,45
2595,2595,3
2596,2596,72
2597,2597,20
2598,2598,13
2599,2599,76
2600,2600,8
2601,2601,20
2602,2602,90
2603,2603,25
2604,2604,73
2605,2605,45
2606,2606,11
2607,2607,50
2608,2608,21
2609,2609,98
2610,2610,20
2611,2611,75
2612,2612,32
2613,2613,64
2614,2614,73
2615,2615,14
2616,2616,75
2617,2617,60
2618,2618,29
2619,2619,95
2620,2620,30
2621,2621,67
2622,2622,57
2623,2623,34
2624,2624,2
2625,2625,61
2626,2626,32
2627,2627,22
2628,2628,69
2629,2629,24
2630,2630,70
2631,2631,31
2632,2632,4
2633,2633,25
2634,2634,13
2635,2635,71
2636,2636,39
2637,2637,75
2638,2638,1
2639,2639,89
2640,2640,43
2641,2641,16
2642,2642,23
2643,2643,38
2644,2644,55
2645,2645,29
2646,2646,13
2647,2647,44
2648,2648,63
2649,2649,89
2650,2650,96
2651,2651,69
2652,2652,11
2653,2653,90
2654,2654,55
2655,2655,9
2656,2656,75
2657,2657,64
2658,2658,98
2659,2659,10
2660,2660,27
2661,2661,35
2662,2662,67
2663,2663,3
2664,2664,48
2665,2665,23
2666,2666,73
2667,2667,31
2668,2668,38
2669,2669,61
2670,2670,46
2671,2671,55
2672,2672,9
2673,2673,82
2674,2674,26
2675,2675,15
2676,2676,30
2677,2677,22
2678,2678,53
2679,2679,80
2680,2680,25
2681,2681,55
2682,2682,73
2683,2683,75
2684,2684,81
2685,2685,56
2686,2686,35
2687,2687,14
2688,2688,2
2689,2689,21
2690,2690,77
2691,2691,99
2692,2692,2
2693,2693,8
2694,2694,85
2695,2695,58
2696,2696,57
2697,2697,34
2698,2698,23
2699,2699,64
2700,2700,87
2701,2701,11
2702,2702,85
2703,2703,41
2704,2704,20
2705,2705,32
2706,2706,31
2707,2707,88
2708,2708,18
2709,2709,69
2710,2710,12
2711,2711,49
2712,2712,95
2713,2713,87
2714,2714,55
2715,2715,26
2716,2716,87
2717,2717,65
2718,2718,93
2719,2719,57
2720,2720,69
2721,2721,31
2722,2722,29
2723,2723,98
2724,2724,68
2725,2725,64
2726,2726,60
2727,2727,4
2728,2728,82
2729,2729,31
2730,2730,27
2731,2731,23
2732,2732,56
2733,2733,44
2734,2734,34
2735,2735,29
2736,2736,29
2737,2737,55
2738,2738,32
2739,2739,57
2740,2740,12
2741,2741,50
2742,2742,87
2743,2743,75
2744,2744,8
2745,2745,40
2746,2746,2
2747,2747,94
2748,2748,2
2749,2749,32
2750,2750,37
2751,2751,28
2752,2752,51
2753,2753,11
2754,2754,37
2755,2755,31
2756,2756,6
2757,2757,67
2758,2758,30
2759,2759,43
2760,2760,74
2761,2761,0
2762,2762,90
2763,2763,39
2764,2764,8
2765,2765,3
2766,2766,8
2767,2767,21
2768,2768,56
2769,2769,98
2770,2770,7
2771,2771,74
2772,2772,74
2773,2773,4
2774,2774,0
2775,2775,50
2776,2776,52
2777,2777,53
2778,2778,22
2779,2779,80
2780,2780,27
2781,2781,48
2782,2782,39
2783,2783,14
2784,2784,4
2785,2785,70
2786,2786,27
2787,2787,28
2788,2788,86
2789,2789,62
2790,2790,16
2791,2791,2
2792,2792,11
2793,2793,37
2794,2794,24
2795,2795,43
2796,2796,54
2797,2797,12
2798,2798,50
2799,2799,55
2800,2800,89
2801,2801,8
2802,2802,11
2803,2803,22
2804,2804,54
2805,2805,75
2806,2806,21
2807,2807,10
2808,2808,81
2809,2809,84
2810,2810,98
2811,2811,93
2812,2812,93
2813,2813,84
2814,2814,86
2815,2815,37
2816,2816,2
2817,2817,52
2818,2818,96
2819,2819,40
2820,2820,40
2821,2821,48
2822,2822,22
2823,2823,99
2824,2824,98
2825,2825,67
2826,2826,20
2827,2827,30
2828,2828,5
2829,2829,71
2830,2830,35
2831,2831,31
2832,2832,3
2833,2833,59
2834,2834,10
2835,2835,25
2836,2836,15
2837,2837,98
2838,2838,79
2839,2839,85
2840,2840,35
2841,2841,87
2842,2842,99
2843,2843,20
2844,2844,43
2845,2845,57
2846,2846,93
2847,2847,4
2848,2848,25
2849,2849,50
2850,2850,5
2851,2851,9
2852,2852,94
2853,2853,2
2854,2854,28
2855,2855,77
2856,2856,96
2857,2857,43
2858,2858,13
2859,2859,26
2860,2860,59
2861,2861,68
2862,2862,62
2863,2863,33
2864,2864,54
2865,2865,12
2866,2866,71
2867,2867,54
2868,2868,22
2869,2869,45
2870,2870,32
2871,2871,71
2872,2872,84
2873,2873,55
2874,2874,62
2875,2875,6
2876,2876,78
2877,2877,23
2878,2878,2
2879,2879,82
2880,2880,47
2881,2881,69
2882,2882,64
2883,2883,20
2884,2884,62
2885,2885,19
2886,2886,45
2887,2887,89
2888,2888,6
2889,2889,11
2890,2890,63
2891,2891,78
2892,2892,5
2893,2893,59
2894,2894,18
2895,2895,29
2896,2896,82
2897,2897,64
2898,2898,30
2899,2899,67
2900,2900,64
2901,2901,74
2902,2902,82
2903,2903,35
2904,2904,31
2905,2905,23
2906,2906,90
2907,2907,30
2908,2908,97
2909,2909,13
2910,2910,48
2911,2911,5
2912,2912,9
2913,2913,63
2914,2914,68
2915,2915,55
2916,2916,59
2917,2917,8
2918,2918,97
2919,2919,64
2920,2920,89
2921,2921,50
2922,2922,99
2923,2923,15
2924,2924,99
2925,2925,23
2926,2926,41
2927,2927,31
2928,2928,38
2929,2929,22
2930,2930,1
2931,2931,35
2932,2932,11
2933,2933,82
2934,2934,76
2935,2935,33
2936,2936,64
2937,2937,65
2938,2938,16
2939,2939,77
2940,2940,56
2941,2941,62
2942,2942,20
2943,2943,50
2944,2944,22
2945,2945,46
2946,2946,17
2947,2947,60
2948,2948,6
2949,2949,53
2950,2950,39
2951,2951,89
2952,2952,45
2953,2953,27
2954,2954,12
2955,2955,63
2956,2956,93
2957,2957,63
2958,2958,86
2959,2959,60
2960,2960,56
2961,2961,96
2962,2962,35
2963,2963,1
2964,2964,83
2965,2965,22
2966,2966,34
2967,2967,90
2968,2968,48
2969,2969,70
2970,2970,61
2971,2971,37
2972,2972,29
2973,2973,69
2974,2974,86
2975,2975,60
2976,2976,8
2977,2977,3
2978,2978,46
2979,2979,49
2980,2980,14
2981,2981,4
2982,2982,26
2983,2983,77
2984,2984,48
2985,2985,11
2986,2986,33
2987,2987,33
2988,2988,56
2989,2989,31
2990,2990,18
2991,2991,5
2992,2992,9
2993,2993,2
2994,2994,29
2995,2995,87
2996,2996,30
2997,2997,4
2998,2998,59
2999,2999,57
3000,3000,64
3001,3001,86
3002,3002,21
3003,3003,67
3004,3004,88
3005,3005,60
3006,3006,99
3007,3007,32
3008,3008,53
3009,3009,41
3010,3010,18
3011,3011,13
3012,3012,95
3013,3013,32
3014,3014,65
3015,3015,62
3016,3016,21
3017,3017,62
3018,3018,99
3019,3019,55
3020,3020,23
3021,3021,24
3022,3022,58
3023,3023,57
3024,3024,82
3025,3025,3
3026,3026,84
3027,3027,22
3028,3028,11
3029,3029,12
3030,3030,76
3031,3031,54
3032,3032,76
3033,3033,62
3034,3034,57
3035,3035,30
3036,3036,38
3037,3037,19
3038,3038,30
3039,3039,17
3040,3040,73
3041,3041,58
3042,3042,48
3043,3043,30
3044,3044,69
3045,3045,32
3046,3046,32
3047,3047,90
3048,3048,11
3049,3049,0
3050,3050,66
3051,3051,62
3052,3052,87
3053,3053,52
3054,3054,28
3055,3055,32
3056,3056,48
3057,3057,14
3058,3058,39
3059,3059,23
3060,3060,75
3061,3061,34
3062,3062,39
3063,3063,38
3064,3064,0
3065,3065,27
3066,3066,8
3067,3067,27
3068,3068,30
3069,3069,57
3070,3070,40
3071,3071,89
3072,3072,48
3073,3073,29
3074,3074,5
3075,3075,62
3076,3076,2
3077,3077,70
3078,3078,30
3079,3079,47
3080,3080,4
3081,3081,16
3082,3082,2
3083,3083,65
3084,3084,51
3085,3085,8
3086,3086,89
3087,3087,23
3088,3088,39
3089,3089,6
3090,3090,17
3091,3091,2
3092,3092,13
3093,3093,22
3094,3094,4
3095,3095,35
3096,3096,38
3097,3097,14
3098,3098,11
3099,3099,31
3100,3100,17
3101,3101,44
3102,3102,86
3103,3103,12
3104,3104,46
3105,3105,71
3106,3106,77
3107,3107,55
3108,3108,80
3109,3109,39
3110,3110,71
3111,3111,15
3112,3112,4
3113,3113,41
3114,3114,4
3115,3115,71
3116,3116,96
3117,3117,53
3118,3118,67
3119,3119,99
3120,3120,67
3121,3121,20
3122,3122,82
3123,3123,40
3124,3124,8
3125,3125,27
3126,3126,46
3127,3127,54
3128,3128,89
3129,3129,10
3130,3130,73
3131,3131,98
3132,3132,30
3133,3133,9
3134,3134,54
3135,3135,83
3136,3136,37
3137,3137,52
3138,3138,54
3139,3139,85
3140,3140,13
3141,3141,43
3142,3142,23
3143,3143,29
3144,3144,0
3145,3145,59
3146,3146,59
3147,3147,10
3148,3148,95
3149,3149,64
3150,3150,12
3151,3151,43
3152,3152,45
3153,3153,13
3154,3154,32
3155,3155,27
3156,3156,95
3157,3157,35
3158,3158,39
3159,3159,29
3160,3160,75
3161,3161,10
3162,3162,44
3163,3163,84
3164,3164,16
3165,3165,28
3166,3166,22
3167,3167,24
3168,3168,23
3169,3169,63
3170,3170,68
3171,3171,84
3172,3172,50
3173,3173,30
3174,3174,70
3175,3175,5
3176,3176,34
3177,3177,73
3178,3178,37
3179,3179,89
3180,3180,22
3181,3181,3
3182,3182,37
3183,3183,44
3184,3184,34
3185,3185,52
3186,3186,22
3187,3187,33
3188,3188,52
3189,3189,80
3190,3190,46
3191,3191,20
3192,3192,70
3193,3193,67
3194,3194,9
3195,3195,45
3196,3196,67
3197,3197,25
3198,3198,39
3199,3199,14
3200,3200,58
3201,3201,8
3202,3202,25
3203,3203,91
3204,3204,23
3205,3205,97
3206,3206,81
3207,3207,71
3208,3208,82
3209,3209,48
3210,3210,56
3211,3211,33
3212,3212,20
3213,3213,60
3214,3214,43
3215,3215,22
3216,3216,75
3217,3217,64
3218,3218,67
3219,3219,32
3220,3220,31
3221,3221,84
3222,3222,75
3223,3223,29
3224,3224,28
3225,3225,94
3226,3226,9
3227,3227,68
3228,3228,75
3229,3229,59
3230,3230,52
3231,3231,2
3232,3232,99
3233,3233,64
3234,3234,30
3235,3235,24
3236,3236,56
3237,3237,62
3238,3238,29
3239,3239,21
3240,3240,71
3241,3241,91
3242,3242,54
3243,3243,28
3244,3244,4
3245,3245,89
3246,3246,26
3247,3247,21
3248,3248,8
3249,3249,95
3250,3250,97
3251,3251,68
3252,3252,27
3253,3253,65
3254,3254,40
3255,3255,10
3256,3256,81
3257,3257,60
3258,3258,36
3259,3259,39
3260,3260,53
3261,3261,53
3262,3262,45
3263,3263,25
3264,3264,82
3265,3265,53
3266,3266,85
3267,3267,19
3268,3268,64
3269,3269,87
3270,3270,39
3271,3271,32
3272,3272,98
3273,3273,96
3274,3274,19
3275,3275,99
3276,3276,47
3277,3277,37
3278,3278,38
3279,3279,53
3280,3280,43
3281,3281,22
3282,3282,22
3283,3283,68
3284,3284,59
3285,3285,39
3286,3286,21
3287,3287,82
3288,3288,49
3289,3289,99
3290,3290,30
3291,3291,31
3292,3292,18
3293,3293,82
3294,3294,11
3295,3295,80
3296,3296,8
3297,3297,86
3298,3298,38
3299,3299,27
3300,3300,45
3301,3301,42
3302,3302,10
3303,3303,18
3304,3304,80
3305,3305,8
3306,3306,4
3307,3307,13
3308,3308,29
3309,3309,48
3310,3310,69
3311,3311,18
3312,3312,23
3313,3313,19
3314,3314,44
3315,3315,59
3316,3316,28
3317,3317,9
3318,3318,39
3319,3319,68
3320,3320,37
3321,3321,44
3322,3322,0
3323,3323,7
3324,3324,74
3325,3325,60
3326,3326,33
3327,3327,18
3328,3328,96
3329,3329,61
3330,3330,84
3331,3331,50
3332,3332,71
3333,3333,17
3334,3334,4
3335,3335,32
3336,3336,0
3337,3337,4
3338,3338,48
3339,3339,75
3340,3340,74
3341,3341,19
3342,3342,75
3343,3343,76
3344,3344,21
3345,3345,53
3346,3346,67
3347,3347,23
3348,3348,6
3349,3349,99
3350,3350,49
3351,3351,99
3352,3352,71
3353,3353,83
3354,3354,93
3355,3355,52
3356,3356,29
3357,3357,29
3358,3358,93
3359,3359,75
3360,3360,60
3361,3361,1
3362,3362,29
3363,3363,8
3364,3364,74
3365,3365,82
3366,3366,40
3367,3367,29
3368,3368,95
3369,3369,27
3370,3370,40
3371,3371,11
3372,3372,78
3373,3373,95
3374,3374,15
3375,3375,47
3376,3376,95
3377,3377,68
3378,3378,33
3379,3379,39
3380,3380,9
3381,3381,11
3382,3382,53
3383,3383,55
3384,3384,23
3385,3385,81
3386,3386,95
3387,3387,41
3388,3388,46
3389,3389,19
3390,3390,70
3391,3391,66
3392,3392,83
3393,3393,84
3394,3394,36
3395,3395,39
3396,3396,28
3397,3397,59
3398,3398,78
3399,3399,90
3400,3400,13
3401,3401,27
3402,3402,84
3403,3403,27
3404,3404,32
3405,3405,44
3406,3406,73
3407,3407,28
3408,3408,15
3409,3409,3
3410,3410,35
3411,3411,83
3412,3412,12
3413,3413,41
3414,3414,44
3415,3415,36
3416,3416,20
3417,3417,50
3418,3418,1
3419,3419,63
3420,3420,17
3421,3421,27
3422,3422,81
3423,3423,47
3424,3424,22
3425,3425,56
3426,3426,73
3427,3427,23
3428,3428,18
3429,3429,55
3430,3430,20
3431,3431,92
3432,3432,89
3433,3433,33
3434,3434,91
3435,3435,0
3436,3436,84
3437,3437,62
3438,3438,19
3439,3439,58
3440,3440,30
3441,3441,88
3442,3442,44
3443,3443,23
3444,3444,24
3445,3445,52
3446,3446,2
3447,3447,81
3448,3448,58
3449,3449,49
3450,3450,10
3451,3451,50
3452,3452,48
3453,3453,69
3454,3454,27
3455,3455,25
3456,3456,82
3457,3457,3
3458,3458,34
3459,3459,64
3460,3460,29
3461,3461,96
3462,3462,61
3463,3463,87
3464,3464,91
3465,3465,86
3466,3466,81
3467,3467,67
3468,3468,10
3469,3469,34
3470,3470,21
3471,3471,39
3472,3472,9
3473,3473,26
3474,3474,95
3475,3475,87
3476,3476,82
3477,3477,73
3478,3478,4
3479,3479,84
3480,3480,9
3481,3481,96
3482,3482,67
3483,3483,41
3484,3484,50
3485,3485,65
3486,3486,94
3487,3487,1
3488,3488,37
3489,3489,58
3490,3490,32
3491,3491,21
3492,3492,45
3493,3493,41
3494,3494,37
3495,3495,29
3496,3496,48
3497,3497,78
3498,3498,69
3499,3499,81
3500,3500,3
3501,3501,1
3502,3502,5
3503,3503,29
3504,3504,95
3505,3505,18
3506,3506,20
3507,3507,87
3508,3508,73
3509,3509,4
3510,3510,43
3511,3511,0
3512,3512,33
3513,3513,54
3514,3514,73
3515,3515,82
3516,3516,2
3517,3517,47
3518,3518,80
3519,3519,40
3520,3520,78
3521,3521,69
3522,3522,58
3523,3523,48
3524,3524,58
3525,3525,99
3526,3526,5
3527,3527,14
3528,3528,68
3529,3529,46
3530,3530,4
3531,3531,53
3532,3532,59
3533,3533,13
3534,3534,17
3535,3535,0
3536,3536,43
3537,3537,94
3538,3538,83
3539,3539,56
3540,3540,21
3541,3541,17
3542,3542,73
3543,3543,26
3544,3544,23
3545,3545,95
3546,3546,57
3547,3547,18
3548,3548,53
3549,3549,98
3550,3550,15
3551,3551,28
3552,3552,65
3553,3553,8
3554,3554,80
3555,3555,82
3556,3556,4
3557,3557,39
3558,3558,30
3559,3559,52
3560,3560,40
3561,3561,67
3562,3562,89
3563,3563,52
3564,3564,62
3565,3565,73
3566,3566,85
3567,3567,41
3568,3568,5
3569,3569,23
3570,3570,80
3571,3571,8
3572,3572,68
3573,3573,36
3574,3574,28
3575,3575,55
3576,3576,85
3577,3577,39
3578,3578,48
3579,3579,87
3580,3580,32
3581,3581,67
3582,3582,47
3583,3583,80
3584,3584,11
3585,3585,96
3586,3586,86
3587,3587,5
3588,3588,97
3589,3589,51
3590,3590,44
3591,3591,55
3592,3592,67
3593,3593,33
3594,3594,77
3595,3595,20
3596,3596,30
3597,3597,84
3598,3598,86
3599,3599,44
3600,3600,83
3601,3601,28
3602,3602,74
3603,3603,64
3604,3604,83
3605,3605,0
3606,3606,23
3607,3607,11
3608,3608,38
3609,3609,2
3610,3610,11
3611,3611,48
3612,3612,21
3613,3613,4
3614,3614,10
3615,3615,45
3616,3616,35
3617,3617,11
3618,3618,87
3619,3619,87
3620,3620,19
3621,3621,26
3622,3622,29
3623,3623,26
3624,3624,90
3625,3625,66
3626,3626,83
3627,3627,4
3628,3628,3
3629,3629,41
3630,3630,34
3631,3631,5
3632,3632,48
3633,3633,1
3634,3634,53
3635,3635,1
3636,3636,63
3637,3637,72
3638,3638,19
3639,3639,20
3640,3640,6
3641,3641,89
3642,3642,56
3643,3643,86
3644,3644,8
3645,3645,98
3646,3646,9
3647,3647,80
3648,3648,44
3649,3649,44
3650,3650,44
3651,3651,24
3652,3652,18
3653,3653,14
3654,3654,69
3655,3655,67
3656,3656,86
3657,3657,86
3658,3658,46
3659,3659,32
3660,3660,97
3661,3661,8
3662,3662,67
3663,3663,99
3664,3664,14
3665,3665,54
3666,3666,39
3667,3667,31
3668,3668,68
3669,3669,25
3670,3670,95
3671,3671,71
3672,3672,44
3673,3673,62
3674,3674,14
3675,3675,53
3676,3676,59
3677,3677,60
3678,3678,29
3679,3679,61
3680,3680,99
3681,3681,27
3682,3682,56
3683,3683,26
3684,3684,53
3685,3685,10
3686,3686,76
3687,3687,29
3688,3688,41
3689,3689,42
3690,3690,0
3691,3691,45
3692,3692,45
3693,3693,23
3694,3694,63
3695,3695,89
3696,3696,85
3697,3697,19
3698,3698,45
3699,3699,26
3700,3700,56
3701,3701,9
3702,3702,44
3703,3703,8
3704,3704,11
3705,3705,19
3706,3706,39
3707,3707,20
3708,3708,23
3709,3709,96
3710,3710,0
3711,3711,20
3712,3712,69
3713,3713,82
3714,3714,59
3715,3715,30
3716,3716,10
3717,3717,61
3718,3718,44
3719,3719,64
3720,3720,15
3721,3721,0
3722,3722,90
3723,3723,67
3724,3724,71
3725,3725,29
3726,3726,31
3727,3727,25
3728,3728,54
3729,3729,30
3730,3730,40
3731,3731,83
3732,3732,25
3733,3733,43
3734,3734,19
3735,3735,28
3736,3736,80
3737,3737,11
3738,3738,40
3739,3739,48
3740,3740,83
3741,3741,49
3742,3742,70
3743,3743,22
3744,3744,3
3745,3745,40
3746,3746,30
3747,3747,7
3748,3748,38
3749,3749,10
3750,3750,26
3751,3751,39
3752,3752,1
3753,3753,14
3754,3754,82
3755,3755,94
3756,3756,6
3757,3757,57
3758,3758,43
3759,3759,71
3760,3760,18
3761,3761,4
3762,3762,81
3763,3763,84
3764,3764,32
3765,3765,30
3766,3766,56
3767,3767,45
3768,3768,85
3769,3769,57
3770,3770,14
3771,3771,5
3772,3772,44
3773,3773,55
3774,3774,74
3775,3775,2
3776,3776,39
3777,3777,61
3778,3778,75
3779,3779,54
3780,3780,57
3781,3781,50
3782,3782,38
3783,3783,55
3784,3784,34
3785,3785,14
3786,3786,77
3787,3787,64
3788,3788,84
3789,3789,70
3790,3790,4
3791,3791,65
3792,3792,44
3793,3793,10
3794,3794,14
3795,3795,20
3796,3796,14
3797,3797,80
3798,3798,35
3799,3799,98
3800,3800,4
3801,3801,22
3802,3802,3
3803,3803,53
3804,3804,77
3805,3805,99
3806,3806,80
3807,3807,41
3808,3808,94
3809,3809,8
3810,3810,9
3811,3811,10
3812,3812,23
3813,3813,48
3814,3814,23
3815,3815,87
3816,3816,4
3817,3817,11
3818,3818,13
3819,3819,19
3820,3820,83
3821,3821,34
3822,3822,52
3823,3823,58
3824,3824,10
3825,3825,16
3826,3826,20
3827,3827,45
3828,3828,47
3829,3829,78
3830,3830,44
3831,3831,41
3832,3832,27
3833,3833,13
3834,3834,9
3835,3835,55
3836,3836,0
3837,3837,96
3838,3838,4
3839,3839,50
3840,3840,5
3841,3841,3
3842,3842,61
3843,3843,46
3844,3844,97
3845,3845,85
3846,3846,38
3847,3847,11
3848,3848,98
3849,3849,17
3850,3850,27
3851,3851,13
3852,3852,78
3853,3853,70
3854,3854,75
3855,3855,51
3856,3856,3
3857,3857,45
3858,3858,70
3859,3859,21
3860,3860,31
3861,3861,58
3862,3862,50
3863,3863,28
3864,3864,98
3865,3865,85
3866,3866,21
3867,3867,32
3868,3868,36
3869,3869,23
3870,3870,10
3871,3871,93
3872,3872,35
3873,3873,67
3874,3874,55
3875,3875,2
3876,3876,68
3877,3877,63
3878,3878,67
3879,3879,68
3880,3880,15
3881,3881,98
3882,3882,2
3883,3883,28
3884,3884,57
3885,3885,60
3886,3886,69
3887,3887,49
3888,3888,34
3889,3889,92
3890,3890,29
3891,3891,97
3892,3892,77
3893,3893,97
3894,3894,31
3895,3895,54
3896,3896,52
3897,3897,82
3898,3898,77
3899,3899,9
3900,3900,15
3901,3901,31
3902,3902,88
3903,3903,44
3904,3904,77
3905,3905,13
3906,3906,98
3907,3907,60
3908,3908,77
3909,3909,18
3910,3910,55
3911,3911,5
3912,3912,89
3913,3913,18
3914,3914,23
3915,3915,47
3916,3916,62
3917,3917,54
3918,3918,37
3919,3919,65
3920,3920,27
3921,3921,88
3922,3922,40
3923,3923,8
3924,3924,59
3925,3925,71
3926,3926,49
3927,3927,56
3928,3928,70
3929,3929,96
3930,3930,53
3931,3931,23
3932,3932,74
3933,3933,38
3934,3934,36
3935,3935,71
3936,3936,14
3937,3937,91
3938,3938,21
3939,3939,75
3940,3940,46
3941,3941,26
3942,3942,74
3943,3943,2
3944,3944,29
3945,3945,34
3946,3946,17
3947,3947,19
3948,3948,71
3949,3949,33
3950,3950,39
3951,3951,70
3952,3952,22
3953,3953,68
3954,3954,74
3955,3955,50
3956,3956,82
3957,3957,80
3958,3958,17
3959,3959,65
3960,3960,90
3961,3961,23
3962,3962,44
3963,3963,44
3964,3964,85
3965,3965,94
3966,3966,10
3967,3967,58
3968,3968,55
3969,3969,26
3970,3970,26
3971,3971,93
3972,3972,22
3973,3973,39
3974,3974,39
3975,3975,73
3976,3976,63
3977,3977,50
3978,3978,37
3979,3979,26
3980,3980,11
3981,3981,25
3982,3982,95
3983,3983,69
3984,3984,9
3985,3985,0
3986,3986,42
3987,3987,84
3988,3988,2
3989,3989,9
3990,3990,75
3991,3991,53
3992,3992,55
3993,3993,49
3994,3994,2
3995,3995,84
3996,3996,16
3997,3997,81
3998,3998,33
3999,3999,44
4000,4000,6
4001,4001,45
4002,4002,98
4003,4003,37
4004,4004,71
4005,4005,12
4006,4006,61
4007,4007,37
4008,4008,3
4009,4009,12
4010,4010,61
4011,4011,40
4012,4012,95
4013,4013,32
4014,4014,91
4015,4015,53
4016,4016,28
4017,4017,29
4018,4018,69
4019,4019,28
4020,4020,83
4021,4021,14
4022,4022,40
4023,4023,75
4024,4024,65
4025,4025,19
4026,4026,36
4027,4027,63
4028,4028,77
4029,4029,55
4030,4030,25
4031,4031,31
4032,4032,22
4033,4033,19
4034,4034,48
4035,4035,82
4036,4036,90
4037,4037,56
4038,4038,18
4039,4039,74
4040,4040,50
4041,4041,48
4042,4042,19
4043,4043,27
4044,4044,68
4045,4045,82
4046,4046,45
4047,4047,28
4048,4048,30
4049,4049,71
4050,4050,67
4051,4051,5
4052,4052,53
4053,4053,59
4054,4054,52
4055,4055,95
4056,4056,31
4057,4057,85
4058,4058,45
4059,4059,91
4060,4060,52
4061,4061,15
4062,4062,59
4063,4063,65
4064,4064,32
4065,4065,80
4066,4066,51
4067,4067,77
4068,4068,22
4069,4069,80
4070,4070,76
4071,4071,15
4072,4072,30
4073,4073,62
4074,4074,58
4075,4075,21
4076,4076,40
4077,4077,98
4078,4078,20
4079,4079,48
4080,4080,25
4081,4081,73
4082,4082,47
4083,4083,76
4084,4084,80
4085,4085,84
4086,4086,77
4087,4087,94
4088,4088,11
4089,4089,48
4090,4090,84
4091,4091,8
4092,4092,87
4093,4093,56
4094,4094,55
4095,4095,95
4096,4096,41
4097,4097,4
4098,4098,87
4099,4099,42
4100,4100,73
4101,4101,9
4102,4102,73
4103,4103,29
4104,4104,2
4105,4105,8
4106,4106,57
4107,4107,85
4108,4108,22
4109,4109,9
4110,4110,93
4111,4111,35
4112,4112,16
4113,4113,98
4114,4114,85
4115,4115,65
4116,4116,39
4117,4117,38
4118,4118,90
4119,4119,38
4120,4120,81
4121,4121,26
4122,4122,98
4123,4123,8
4124,4124,40
4125,4125,14
4126,4126,45
4127,4127,4
4128,4128,9
4129,4129,39
4130,4130,43
4131,4131,21
4132,4132,38
4133,4133,68
4134,4134,85
4135,4135,98
4136,4136,56
4137,4137,77
4138,4138,53
4139,4139,0
4140,4140,68
4141,4141,40
4142,4142,8
4143,4143,27
4144,4144,70
4145,4145,29
4146,4146,3
4147,4147,37
4148,4148,17
4149,4149,59
4150,4150,40
4151,4151,98
4152,4152,32
4153,4153,14
4154,4154,4
4155,4155,65
4156,4156,50
4157,4157,6
4158,4158,63
4159,4159,55
4160,4160,68
4161,4161,67
4162,4162,82
4163,4163,98
4164,4164,59
4165,4165,53
4166,4166,56
4167,4167,98
4168,4168,62
4169,4169,60
4170,4170,4
4171,4171,77
4172,4172,96
4173,4173,97
4174,4174,19
4175,4175,23
4176,4176,44
4177,4177,81
4178,4178,37
4179,4179,40
4180,4180,2
4181,4181,8
4182,4182,45
4183,4183,95
4184,4184,61
4185,4185,27
4186,4186,39
4187,4187,58
4188,4188,29
4189,4189,11
4190,4190,5
4191,4191,52
4192,4192,74
4193,4193,77
4194,4194,63
4195,4195,35
4196,4196,1
4197,4197,5
4198,4198,73
4199,4199,57
4200,4200,48
4201,4201,0
4202,4202,28
4203,4203,67
4204,4204,20
4205,4205,42
4206,4206,68
4207,4207,68
4208,4208,54
4209,4209,35
4210,4210,12
4211,4211,10
4212,4212,95
4213,4213,10
4214,4214,62
4215,4215,91
4216,4216,50
4217,4217,59
4218,4218,86
4219,4219,0
4220,4220,76
4221,4221,6
4222,4222,58
4223,4223,89
4224,4224,30
4225,4225,41
4226,4226,10
4227,4227,20
4228,4228,85
4229,4229,75
4230,4230,84
4231,4231,41
4232,4232,1
4233,4233,49
4234,4234,75
4235,4235,67
4236,4236,38
4237,4237,96
4238,4238,14
4239,4239,60
4240,4240,21
4241,4241,27
4242,4242,74
4243,4243,89
4244,4244,22
4245,4245,81
4246,4246,65
4247,4247,89
4248,4248,93
4249,4249,44
4250,4250,22
4251,4251,48
4252,4252,5
4253,4253,68
4254,4254,87
4255,4255,27
4256,4256,95
4257,4257,0
4258,4258,39
4259,4259,21
4260,4260,62
4261,4261,54
4262,4262,24
4263,4263,60
4264,4264,24
4265,4265,16
4266,4266,4
4267,4267,0
4268,4268,0
4269,4269,55
4270,4270,9
4271,4271,85
4272,4272,96
4273,4273,64
4274,4274,69
4275,4275,31
4276,4276,17
4277,4277,32
4278,4278,0
4279,4279,37
4280,4280,10
4281,4281,4
4282,4282,29
4283,4283,85
4284,4284,44
4285,4285,10
4286,4286,64
4287,4287,85
4288,4288,76
4289,4289,82
4290,4290,69
4291,4291,65
4292,4292,54
4293,4293,87
4294,4294,68
4295,4295,1
4296,4296,22
4297,4297,75
4298,4298,8
4299,4299,19
4300,4300,26
4301,4301,25
4302,4302,98
4303,4303,9
4304,4304,37
4305,4305,9
4306,4306,10
4307,4307,67
4308,4308,46
4309,4309,76
4310,4310,16
4311,4311,33
4312,4312,99
4313,4313,87
4314,4314,2
4315,4315,11
4316,4316,31
4317,4317,23
4318,4318,9
4319,4319,79
4320,4320,93
4321,4321,85
4322,4322,4
4323,4323,50
4324,4324,9
4325,4325,70
4326,4326,26
4327,4327,37
4328,4328,85
4329,4329,63
4330,4330,26
4331,4331,41
4332,4332,94
4333,4333,75
4334,4334,95
4335,4335,98
4336,4336,6
4337,4337,67
4338,4338,44
4339,4339,80
4340,4340,79
4341,4341,2
4342,4342,53
4343,4343,98
4344,4344,30
4345,4345,42
4346,4346,20
4347,4347,95
4348,4348,53
4349,4349,70
4350,4350,75
4351,4351,17
4352,4352,30
4353,4353,23
4354,4354,53
4355,4355,9
4356,4356,22
4357,4357,27
4358,4358,75
4359,4359,29
4360,4360,25
4361,4361,35
4362,4362,63
4363,4363,28
4364,4364,98
4365,4365,32
4366,4366,5
4367,4367,67
4368,4368,50
4369,4369,97
4370,4370,70
4371,4371,77
4372,4372,91
4373,4373,0
4374,4374,36
4375,4375,52
4376,4376,30
4377,4377,25
4378,4378,87
4379,4379,87
4380,4380,30
4381,4381,36
4382,4382,53
4383,4383,16
4384,4384,11
4385,4385,99
4386,4386,29
4387,4387,76
4388,4388,44
4389,4389,63
4390,4390,89
4391,4391,35
4392,4392,36
4393,4393,90
4394,4394,18
4395,4395,88
4396,4396,37
4397,4397,86
4398,4398,90
4399,4399,58
4400,4400,10
4401,4401,11
4402,4402,34
4403,4403,35
4404,4404,32
4405,4405,99
4406,4406,29
4407,4407,82
4408,4408,77
4409,4409,90
4410,4410,30
4411,4411,15
4412,4412,8
4413,4413,87
4414,4414,99
4415,4415,67
4416,4416,83
4417,4417,77
4418,4418,23
4419,4419,23
4420,4420,43
4421,4421,77
4422,4422,96
4423,4423,4
4424,4424,6
4425,4425,54
4426,4426,11
4427,4427,32
4428,4428,55
4429,4429,76
4430,4430,29
4431,4431,99
4432,4432,44
4433,4433,8
4434,4434,95
4435,4435,23
4436,4436,30
4437,4437,26
4438,4438,13
4439,4439,7
4440,4440,40
4441,4441,98
4442,4442,50
4443,4443,26
4444,4444,35
4445,4445,10
4446,4446,60
4447,4447,71
4448,4448,85
4449,4449,48
4450,4450,5
4451,4451,38
4452,4452,14
4453,4453,0
4454,4454,0
4455,4455,8
4456,4456,10
4457,4457,74
4458,4458,19
4459,4459,77
4460,4460,87
4461,4461,29
4462,4462,60
4463,4463,15
4464,4464,0
4465,4465,67
4466,4466,30
4467,4467,40
4468,4468,85
4469,4469,15
4470,4470,47
4471,4471,63
4472,4472,54
4473,4473,82
4474,4474,15
4475,4475,18
4476,4476,80
4477,4477,67
4478,4478,37
4479,4479,49
4480,4480,9
4481,4481,37
4482,4482,14
4483,4483,82
4484,4484,13
4485,4485,20
4486,4486,87
4487,4487,32
4488,4488,26
4489,4489,54
4490,4490,83
4491,4491,53
4492,4492,48
4493,4493,5
4494,4494,70
4495,4495,28
4496,4496,64
4497,4497,55
4498,4498,58
4499,4499,28
4500,4500,25
4501,4501,57
4502,4502,24
4503,4503,8
4504,4504,31
4505,4505,87
4506,4506,39
4507,4507,30
4508,4508,28
4509,4509,32
4510,4510,19
4511,4511,18
4512,4512,96
4513,4513,18
4514,4514,30
4515,4515,83
4516,4516,40
4517,4517,30
4518,4518,37
4519,4519,8
4520,4520,74
4521,4521,30
4522,4522,54
4523,4523,18
4524,4524,23
4525,4525,13
4526,4526,67
4527,4527,11
4528,4528,55
4529,4529,68
4530,4530,20
4531,4531,67
4532,4532,85
4533,4533,56
4534,4534,20
4535,4535,82
4536,4536,84
4537,4537,56
4538,4538,19
4539,4539,1
4540,4540,6
4541,4541,37
4542,4542,54
4543,4543,30
4544,4544,0
4545,4545,62
4546,4546,25
4547,4547,46
4548,4548,80
4549,4549,79
4550,4550,23
4551,4551,44
4552,4552,21
4553,4553,40
4554,4554,18
4555,4555,52
4556,4556,10
4557,4557,67
4558,4558,60
4559,4559,67
4560,4560,11
4561,4561,25
4562,4562,20
4563,4563,81
4564,4564,83
4565,4565,32
4566,4566,69
4567,4567,61
4568,4568,6
4569,4569,87
4570,4570,67
4571,4571,2
4572,4572,49
4573,4573,31
4574,4574,1
4575,4575,14
4576,4576,82
4577,4577,96
4578,4578,69
4579,4579,80
4580,4580,77
4581,4581,40
4582,4582,90
4583,4583,2
4584,4584,1
4585,4585,89
4586,4586,30
4587,4587,17
4588,4588,8
4589,4589,84
4590,4590,82
4591,4591,48
4592,4592,84
4593,4593,10
4594,4594,58
4595,4595,27
4596,4596,67
4597,4597,98
4598,4598,68
4599,4599,84
4600,4600,28
4601,4601,22
4602,4602,34
4603,4603,11
4604,4604,17
4605,4605,29
4606,4606,59
4607,4607,0
4608,4608,53
4609,4609,96
4610,4610,96
4611,4611,50
4612,4612,30
4613,4613,90
4614,4614,95
4615,4615,30
4616,4616,83
4617,4617,49
4618,4618,61
4619,4619,19
4620,4620,95
4621,4621,39
4622,4622,14
4623,4623,20
4624,4624,90
4625,4625,37
4626,4626,23
4627,4627,85
4628,4628,85
4629,4629,53
4630,4630,41
4631,4631,13
4632,4632,33
4633,4633,30
4634,4634,83
4635,4635,43
4636,4636,75
4637,4637,76
4638,4638,38
4639,4639,46
4640,4640,56
4641,4641,91
4642,4642,49
4643,4643,30
4644,4644,50
4645,4645,48
4646,4646,50
4647,4647,30
4648,4648,48
4649,4649,12
4650,4650,60
4651,4651,18
4652,4652,30
4653,4653,94
4654,4654,95
4655,4655,48
4656,4656,49
4657,4657,8
4658,4658,23
4659,4659,80
4660,4660,14
4661,4661,29
4662,4662,9
4663,4663,87
4664,4664,34
4665,4665,28
4666,4666,47
4667,4667,68
4668,4668,23
4669,4669,98
4670,4670,95
4671,4671,97
4672,4672,16
4673,4673,3
4674,4674,26
4675,4675,52
4676,4676,34
4677,4677,48
4678,4678,82
4679,4679,71
4680,4680,81
4681,4681,27
4682,4682,52
4683,4683,9
4684,4684,82
4685,4685,18
4686,4686,53
4687,4687,69
4688,4688,87
4689,4689,26
4690,4690,54
4691,4691,37
4692,4692,81
4693,4693,31
4694,4694,95
4695,4695,24
4696,4696,26
4697,4697,80
4698,4698,19
4699,4699,36
4700,4700,26
4701,4701,53
4702,4702,1
4703,4703,10
4704,4704,86
4705,4705,59
4706,4706,52
4707,4707,82
4708,4708,33
4709,4709,28
4710,4710,96
4711,4711,23
4712,4712,9
4713,4713,95
4714,4714,25
4715,4715,70
4716,4716,19
4717,4717,43
4718,4718,10
4719,4719,12
4720,4720,13
4721,4721,23
4722,4722,72
4723,4723,60
4724,4724,85
4725,4725,98
4726,4726,39
4727,4727,26
4728,4728,95
4729,4729,56
4730,4730,75
4731,4731,9
4732,4732,90
4733,4733,84
4734,4734,27
4735,4735,26
4736,4736,12
4737,4737,38
4738,4738,56
4739,4739,80
4740,4740,62
4741,4741,54
4742,4742,12
4743,4743,89
4744,4744,84
4745,4745,27
4746,4746,87
4747,4747,59
4748,4748,71
4749,4749,33
4750,4750,69
4751,4751,4
4752,4752,62
4753,4753,33
4754,4754,27
4755,4755,39
4756,4756,4
4757,4757,22
4758,4758,6
4759,4759,80
4760,4760,97
4761,4761,85
4762,4762,22
4763,4763,6
4764,4764,31
4765,4765,48
4766,4766,88
4767,4767,11
4768,4768,57
4769,4769,76
4770,4770,82
4771,4771,64
4772,4772,4
4773,4773,68
4774,4774,65
4775,4775,74
4776,4776,75
4777,4777,9
4778,4778,62
4779,4779,9
4780,4780,43
4781,4781,49
4782,4782,1
4783,4783,9
4784,4784,68
4785,4785,12
4786,4786,5
4787,4787,65
4788,4788,30
4789,4789,54
4790,4790,4
4791,4791,56
4792,4792,99
4793,4793,29
4794,4794,6
4795,4795,41
4796,4796,12
4797,4797,83
4798,4798,4
4799,4799,34
4800,4800,23
4801,4801,27
4802,4802,29
4803,4803,30
4804,4804,90
4805,4805,84
4806,4806,39
4807,4807,29
4808,4808,27
4809,4809,32
4810,4810,98
4811,4811,1
4812,4812,64
4813,4813,28
4814,4814,10
4815,4815,52
4816,4816,93
4817,4817,87
4818,4818,85
4819,4819,82
4820,4820,88
4821,4821,90
4822,4822,3
4823,4823,92
4824,4824,45
4825,4825,87
4826,4826,82
4827,4827,70
4828,4828,29
4829,4829,56
4830,4830,56
4831,4831,22
4832,4832,77
4833,4833,12
4834,4834,2
4835,4835,46
4836,4836,84
4837,4837,29
4838,4838,75
4839,4839,27
4840,4840,68
4841,4841,54
4842,4842,84
4843,4843,29
4844,4844,67
4845,4845,63
4846,4846,1
4847,4847,30
4848,4848,12
4849,4849,82
4850,4850,38
4851,4851,43
4852,4852,0
4853,4853,25
4854,4854,97
4855,4855,34
4856,4856,85
4857,4857,54
4858,4858,70
4859,4859,81
4860,4860,31
4861,4861,35
4862,4862,38
4863,4863,58
4864,4864,24
4865,4865,75
4866,4866,47
4867,4867,50
4868,4868,24
4869,4869,85
4870,4870,22
4871,4871,19
4872,4872,53
4873,4873,11
4874,4874,79
4875,4875,74
4876,4876,42
4877,4877,28
4878,4878,89
4879,4879,89
4880,4880,51
4881,4881,74
4882,4882,14
4883,4883,73
4884,4884,48
4885,4885,57
4886,4886,77
4887,4887,45
4888,4888,68
4889,4889,34
4890,4890,8
4891,4891,60
4892,4892,18
4893,4893,71
4894,4894,69
4895,4895,22
4896,4896,10
4897,4897,55
4898,4898,13
4899,4899,49
4900,4900,76
4901,4901,2
4902,4902,8
4903,4903,67
4904,4904,4
4905,4905,62
4906,4906,73
4907,4907,59
4908,4908,68
4909,4909,40
4910,4910,12
4911,4911,11
4912,4912,56
4913,4913,22
4914,4914,26
4915,4915,63
4916,4916,49
4917,4917,1
4918,4918,6
4919,4919,29
4920,4920,28
4921,4921,11
4922,4922,95
4923,4923,33
4924,4924,49
4925,4925,20
4926,4926,11
4927,4927,67
4928,4928,46
4929,4929,89
4930,4930,70
4931,4931,73
4932,4932,77
4933,4933,2
4934,4934,31
4935,4935,48
4936,4936,89
4937,4937,60
4938,4938,50
4939,4939,29
4940,4940,48
4941,4941,77
4942,4942,96
4943,4943,5
4944,4944,53
4945,4945,37
4946,4946,98
4947,4947,32
4948,4948,28
4949,4949,2
4950,4950,60
4951,4951,33
4952,4952,36
4953,4953,53
4954,4954,93
4955,4955,0
4956,4956,24
4957,4957,76
4958,4958,82
4959,4959,33
4960,4960,65
4961,4961,62
4962,4962,80
4963,4963,89
4964,4964,45
4965,4965,59
4966,4966,0
4967,4967,91
4968,4968,29
4969,4969,0
4970,4970,78
4971,4971,4
4972,4972,91
4973,4973,98
4974,4974,97
4975,4975,67
4976,4976,94
4977,4977,95
4978,4978,89
4979,4979,23
4980,4980,90
4981,4981,6
4982,4982,67
4983,4983,18
4984,4984,82
4985,4985,68
4986,4986,34
4987,4987,45
4988,4988,36
4989,4989,25
4990,4990,68
4991,4991,88
4992,4992,79
4993,4993,39
4994,4994,5
4995,4995,41
4996,4996,15
4997,4997,0
4998,4998,30
4999,4999,14
5000,5000,1
5001,5001,46
5002,5002,65
5003,5003,36
5004,5004,38
5005,5005,22
5006,5006,66
5007,5007,55
5008,5008,39
5009,5009,65
5010,5010,4
5011,5011,51
5012,5012,8
5013,5013,4
5014,5014,39
5015,5015,82
5016,5016,11
5017,5017,19
5018,5018,11
5019,5019,23
5020,5020,24
5021,5021,76
5022,5022,38
5023,5023,36
5024,5024,35
5025,5025,41
5026,5026,16
5027,5027,99
5028,5028,36
5029,5029,56
5030,5030,90
5031,5031,16
5032,5032,12
5033,5033,1
5034,5034,31
5035,5035,24
5036,5036,6
5037,5037,35
5038,5038,6
5039,5039,60
5040,5040,95
5041,5041,71
5042,5042,53
5043,5043,33
5044,5044,61
5045,5045,69
5046,5046,27
5047,5047,58
5048,5048,35
5049,5049,67
5050,5050,75
5051,5051,90
5052,5052,45
5053,5053,48
5054,5054,27
5055,5055,10
5056,5056,83
5057,5057,50
5058,5058,20
5059,5059,40
5060,5060,36
5061,5061,95
5062,5062,68
5063,5063,31
5064,5064,26
5065,5065,45
5066,5066,65
5067,5067,83
5068,5068,8
5069,5069,19
5070,5070,23
5071,5071,74
5072,5072,97
5073,5073,95
5074,5074,31
5075,5075,54
5076,5076,34
5077,5077,22
5078,5078,6
5079,5079,75
5080,5080,51
5081,5081,41
5082,5082,62
5083,5083,56
5084,5084,68
5085,5085,74
5086,5086,87
5087,5087,48
5088,5088,29
5089,5089,9
5090,5090,56
5091,5091,15
5092,5092,98
5093,5093,95
5094,5094,4
5095,5095,44
5096,5096,9
5097,5097,80
5098,5098,50
5099,5099,88
5100,5100,17
5101,5101,95
5102,5102,70
5103,5103,93
5104,5104,0
5105,5105,18
5106,5106,9
5107,5107,57
5108,5108,83
5109,5109,30
5110,5110,99
5111,5111,84
5112,5112,99
5113,5113,13
5114,5114,10
5115,5115,73
5116,5116,96
5117,5117,75
5118,5118,5
5119,5119,39
5120,5120,48
5121,5121,35
5122,5122,18
5123,5123,39
5124,5124,71
5125,5125,15
5126,5126,73
5127,5127,10
5128,5128,46
5129,5129,39
5130,5130,14
5131,5131,24
5132,5132,61
5133,5133,63
5134,5134,64
5135,5135,59
5136,5136,38
5137,5137,95
5138,5138,0
5139,5139,17
5140,5140,10
5141,5141,63
5142,5142,65
5143,5143,89
5144,5144,50
5145,5145,48
5146,5146,28
5147,5147,4
5148,5148,81
5149,5149,67
5150,5150,80
5151,5151,38
5152,5152,13
5153,5153,9
5154,5154,40
5155,5155,24
5156,5156,83
5157,5157,10
5158,5158,63
5159,5159,29
5160,5160,89
5161,5161,89
5162,5162,81
5163,5163,60
5164,5164,57
5165,5165,4
5166,5166,25
5167,5167,41
5168,5168,2
5169,5169,46
5170,5170,17
5171,5171,23
5172,5172,53
5173,5173,98
5174,5174,38
5175,5175,32
5176,5176,60
5177,5177,70
5178,5178,68
5179,5179,20
5180,5180,20
5181,5181,89
5182,5182,98
5183,5183,4
5184,5184,22
5185,5185,98
5186,5186,11
5187,5187,28
5188,5188,83
5189,5189,39
5190,5190,28
5191,5191,88
5192,5192,85
5193,5193,82
5194,5194,63
5195,5195,73
5196,5196,41
5197,5197,85
5198,5198,32
5199,5199,69
5200,5200,94
5201,5201,29
5202,5202,86
5203,5203,52
5204,5204,23
5205,5205,66
5206,5206,29
5207,5207,31
5208,5208,34
5209,5209,63
5210,5210,46
5211,5211,65
5212,5212,64
5213,5213,84
5214,5214,77
5215,5215,75
5216,5216,0
5217,5217,75
5218,5218,51
5219,5219,95
5220,5220,62
5221,5221,56
5222,5222,5
5223,5223,31
5224,5224,29
5225,5225,18
5226,5226,74
5227,5227,40
5228,5228,31
5229,5229,14
5230,5230,34
5231,5231,30
5232,5232,52
5233,5233,50
5234,5234,49
5235,5235,98
5236,5236,9
5237,5237,48
5238,5238,55
5239,5239,99
5240,5240,69
5241,5241,33
5242,5242,79
5243,5243,14
5244,5244,67
5245,5245,23
5246,5246,18
5247,5247,57
5248,5248,20
5249,5249,48
5250,5250,0
5251,5251,49
5252,5252,2
5253,5253,52
5254,5254,26
5255,5255,3
5256,5256,97
5257,5257,57
5258,5258,89
5259,5259,26
5260,5260,80
5261,5261,57
5262,5262,5
5263,5263,95
5264,5264,32
5265,5265,63
5266,5266,31
5267,5267,95
5268,5268,14
5269,5269,73
5270,5270,33
5271,5271,4
5272,5272,86
5273,5273,48
5274,5274,70
5275,5275,83
5276,5276,52
5277,5277,99
5278,5278,39
5279,5279,50
5280,5280,62
5281,5281,25
5282,5282,32
5283,5283,20
5284,5284,95
5285,5285,53
5286,5286,98
5287,5287,68
5288,5288,75
5289,5289,41
5290,5290,5
5291,5291,29
5292,5292,86
5293,5293,8
5294,5294,1
5295,5295,62
5296,5296,77
5297,5297,76
5298,5298,13
5299,5299,45
5300,5300,31
5301,5301,75
5302,5302,67
5303,5303,73
5304,5304,78
5305,5305,99
5306,5306,48
5307,5307,19
5308,5308,33
5309,5309,11
5310,5310,63
5311,5311,11
5312,5312,13
5313,5313,57
5314,5314,22
5315,5315,50
5316,5316,99
5317,5317,67
5318,5318,28
5319,5319,53
5320,5320,89
5321,5321,11
5322,5322,10
5323,5323,26
5324,5324,43
5325,5325,0
5326,5326,35
5327,5327,24
5328,5328,81
5329,5329,12
5330,5330,56
5331,5331,8
5332,5332,48
5333,5333,16
5334,5334,44
5335,5335,55
5336,5336,90
5337,5337,23
5338,5338,54
5339,5339,13
5340,5340,58
5341,5341,75
5342,5342,61
5343,5343,13
5344,5344,33
5345,5345,41
5346,5346,92
5347,5347,25
5348,5348,25
5349,5349,19
5350,5350,64
5351,5351,6
5352,5352,50
5353,5353,34
5354,5354,76
5355,5355,55
5356,5356,52
5357,5357,70
5358,5358,4
5359,5359,30
5360,5360,79
5361,5361,18
5362,5362,81
5363,5363,10
5364,5364,78
5365,5365,18
5366,5366,32
5367,5367,13
5368,5368,8
5369,5369,96
5370,5370,25
5371,5371,26
5372,5372,4
5373,5373,56
5374,5374,36
5375,5375,98
5376,5376,59
5377,5377,27
5378,5378,24
5379,5379,9
5380,5380,18
5381,5381,99
5382,5382,73
5383,5383,85
5384,5384,17
5385,5385,83
5386,5386,64
5387,5387,9
5388,5388,66
5389,5389,6
5390,5390,38
5391,5391,30
5392,5392,99
5393,5393,14
5394,5394,80
5395,5395,92
5396,5396,64
5397,5397,57
5398,5398,12
5399,5399,13
5400,5400,9
5401,5401,56
5402,5402,87
5403,5403,24
5404,5404,8
5405,5405,96
5406,5406,44
5407,5407,30
5408,5408,99
5409,5409,65
5410,5410,17
5411,5411,4
5412,5412,82
5413,5413,8
5414,5414,38
5415,5415,0
5416,5416,28
5417,5417,98
5418,5418,98
5419,5419,28
5420,5420,44
5421,5421,38
5422,5422,18
5423,5423,54
5424,5424,46
5425,5425,75
5426,5426,37
5427,5427,75
5428,5428,63
5429,5429,29
5430,5430,0
5431,5431,33
5432,5432,40
5433,5433,81
5434,5434,51
5435,5435,47
5436,5436,9
5437,5437,60
5438,5438,20
5439,5439,4
5440,5440,90
5441,5441,40
5442,5442,48
5443,5443,56
5444,5444,97
5445,5445,94
5446,5446,67
5447,5447,19
5448,5448,44
5449,5449,55
5450,5450,58
5451,5451,90
5452,5452,32
5453,5453,66
5454,5454,89
5455,5455,35
5456,5456,85
5457,5457,98
5458,5458,37
5459,5459,2
5460,5460,8
5461,5461,90
5462,5462,0
5463,5463,30
5464,5464,8
5465,5465,54
5466,5466,23
5467,5467,83
5468,5468,74
5469,5469,49
5470,5470,8
5471,5471,25
5472,5472,99
5473,5473,26
5474,5474,62
5475,5475,95
5476,5476,20
5477,5477,81
5478,5478,91
5479,5479,44
5480,5480,96
5481,5481,58
5482,5482,63
5483,5483,44
5484,5484,32
5485,5485,75
5486,5486,37
5487,5487,35
5488,5488,19
5489,5489,3
5490,5490,87
5491,5491,26
5492,5492,57
5493,5493,75
5494,5494,74
5495,5495,18
5496,5496,79
5497,5497,88
5498,5498,15
5499,5499,38
5500,5500,52
5501,5501,39
5502,5502,71
5503,5503,65
5504,5504,0
5505,5505,4
5506,5506,95
5507,5507,44
5508,5508,12
5509,5509,78
5510,5510,15
5511,5511,98
5512,5512,39
5513,5513,26
5514,5514,69
5515,5515,59
5516,5516,65
5517,5517,95
5518,5518,56
5519,5519,11
5520,5520,77
5521,5521,18
5522,5522,94
5523,5523,26
5524,5524,74
5525,5525,10
5526,5526,9
5527,5527,31
5528,5528,40
5529,5529,0
5530,5530,67
5531,5531,33
5532,5532,19
5533,5533,40
5534,5534,25
5535,5535,14
5536,5536,69
5537,5537,32
5538,5538,11
5539,5539,98
5540,5540,19
5541,5541,76
5542,5542,19
5543,5543,39
5544,5544,69
5545,5545,90
5546,5546,98
5547,5547,80
5548,5548,83
5549,5549,1
5550,5550,0
5551,5551,11
5552,5552,34
5553,5553,0
5554,5554,53
5555,5555,57
5556,5556,14
5557,5557,23
5558,5558,33
5559,5559,15
5560,5560,70
5561,5561,98
5562,5562,3
5563,5563,55
5564,5564,83
5565,5565,10
5566,5566,23
5567,5567,86
5568,5568,70
5569,5569,2
5570,5570,67
5571,5571,22
5572,5572,99
5573,5573,53
5574,5574,59
5575,5575,15
5576,5576,30
5577,5577,67
5578,5578,42
5579,5579,56
5580,5580,4
5581,5581,48
5582,5582,26
5583,5583,45
5584,5584,29
5585,5585,60
5586,5586,64
5587,5587,29
5588,5588,3
5589,5589,95
5590,5590,99
5591,5591,84
5592,5592,90
5593,5593,99
5594,5594,8
5595,5595,63
5596,5596,12
5597,5597,30
5598,5598,71
5599,5599,85
5600,5600,80
5601,5601,76
5602,5602,95
5603,5603,60
5604,5604,18
5605,5605,0
5606,5606,50
5607,5607,5
5608,5608,66
5609,5609,33
5610,5610,39
5611,5611,76
5612,5612,65
5613,5613,96
5614,5614,11
5615,5615,27
5616,5616,75
5617,5617,10
5618,5618,89
5619,5619,68
5620,5620,79
5621,5621,35
5622,5622,19
5623,5623,96
5624,5624,22
5625,5625,97
5626,5626,9
5627,5627,56
5628,5628,1
5629,5629,18
5630,5630,83
5631,5631,4
5632,5632,44
5633,5633,27
5634,5634,76
5635,5635,84
5636,5636,89
5637,5637,82
5638,5638,95
5639,5639,36
5640,5640,53
5641,5641,2
5642,5642,44
5643,5643,74
5644,5644,25
5645,5645,8
5646,5646,53
5647,5647,30
5648,5648,30
5649,5649,77
5650,5650,30
5651,5651,4
5652,5652,74
5653,5653,69
5654,5654,4
5655,5655,8
5656,5656,84
5657,5657,23
5658,5658,64
5659,5659,67
5660,5660,44
5661,5661,30
5662,5662,34
5663,5663,9
5664,5664,82
5665,5665,53
5666,5666,95
5667,5667,68
5668,5668,76
5669,5669,1
5670,5670,4
5671,5671,32
5672,5672,22
5673,5673,34
5674,5674,0
5675,5675,45
5676,5676,48
5677,5677,65
5678,5678,28
5679,5679,19
5680,5680,83
5681,5681,1
5682,5682,40
5683,5683,71
5684,5684,60
5685,5685,21
5686,5686,60
5687,5687,41
5688,5688,46
5689,5689,67
5690,5690,65
5691,5691,49
5692,5692,95
5693,5693,65
5694,5694,28
5695,5695,49
5696,5696,11
5697,5697,9
5698,5698,13
5699,5699,54
5700,5700,2
5701,5701,44
5702,5702,54
5703,5703,59
5704,5704,99
5705,5705,23
5706,5706,52
5707,5707,81
5708,5708,93
5709,5709,71
5710,5710,0
5711,5711,49
5712,5712,4
5713,5713,14
5714,5714,1
5715,5715,25
5716,5716,65
5717,5717,44
5718,5718,56
5719,5719,6
5720,5720,29
5721,5721,87
5722,5722,89
5723,5723,53
5724,5724,30
5725,5725,87
5726,5726,90
5727,5727,37
5728,5728,32
5729,5729,39
5730,5730,29
5731,5731,34
5732,5732,3
5733,5733,22
5734,5734,23
5735,5735,19
5736,5736,30
5737,5737,6
5738,5738,87
5739,5739,0
5740,5740,22
5741,5741,64
5742,5742,53
5743,5743,50
5744,5744,9
5745,5745,48
5746,5746,48
5747,5747,81
5748,5748,41
5749,5749,75
5750,5750,20
5751,5751,71
5752,5752,63
5753,5753,13
5754,5754,36
5755,5755,55
5756,5756,33
5757,5757,14
5758,5758,55
5759,5759,49
5760,5760,24
5761,5761,95
5762,5762,9
5763,5763,23
5764,5764,3
5765,5765,91
5766,5766,97
5767,5767,84
5768,5768,9
5769,5769,54
5770,5770,29
5771,5771,82
5772,5772,65
5773,5773,22
5774,5774,50
5775,5775,39
5776,5776,0
5777,5777,6
5778,5778,13
5779,5779,15
5780,5780,79
5781,5781,83
5782,5782,83
5783,5783,12
5784,5784,19
5785,5785,59
5786,5786,84
5787,5787,98
5788,5788,24
5789,5789,42
5790,5790,0
5791,5791,69
5792,5792,89
5793,5793,56
5794,5794,16
5795,5795,4
5796,5796,28
5797,5797,69
5798,5798,8
5799,5799,29
5800,5800,49
5801,5801,87
5802,5802,35
5803,5803,60
5804,5804,59
5805,5805,48
5806,5806,78
5807,5807,64
5808,5808,38
5809,5809,75
5810,5810,39
5811,5811,2
5812,5812,2
5813,5813,74
5814,5814,13
5815,5815,49
5816,5816,88
5817,5817,75
5818,5818,81
5819,5819,36
5820,5820,60
5821,5821,23
5822,5822,59
5823,5823,17
5824,5824,85
5825,5825,50
5826,5826,34
5827,5827,10
5828,5828,85
5829,5829,65
5830,5830,46
5831,5831,60
5832,5832,95
5833,5833,26
5834,5834,19
5835,5835,24
5836,5836,70
5837,5837,13
5838,5838,45
5839,5839,23
5840,5840,5
5841,5841,77
5842,5842,71
5843,5843,71
5844,5844,43
5845,5845,10
5846,5846,35
5847,5847,27
5848,5848,47
5849,5849,9
5850,5850,82
5851,5851,55
5852,5852,30
5853,5853,6
5854,5854,99
5855,5855,22
5856,5856,53
5857,5857,75
5858,5858,26
5859,5859,8
5860,5860,30
5861,5861,75
5862,5862,75
5863,5863,94
5864,5864,53
5865,5865,37
5866,5866,38
5867,5867,69
5868,5868,81
5869,5869,50
5870,5870,59
5871,5871,98
5872,5872,82
5873,5873,26
5874,5874,56
5875,5875,67
5876,5876,19
5877,5877,14
5878,5878,27
5879,5879,86
5880,5880,19
5881,5881,19
5882,5882,14
5883,5883,90
5884,5884,23
5885,5885,96
5886,5886,48
5887,5887,45
5888,5888,97
5889,5889,77
5890,5890,95
5891,5891,35
5892,5892,50
5893,5893,38
5894,5894,12
5895,5895,8
5896,5896,28
5897,5897,35
5898,5898,14
5899,5899,90
5900,5900,29
5901,5901,40
5902,5902,40
5903,5903,28
5904,5904,6
5905,5905,89
5906,5906,39
5907,5907,96
5908,5908,54
5909,5909,63
5910,5910,88
5911,5911,31
5912,5912,6
5913,5913,97
5914,5914,31
5915,5915,1
5916,5916,9
5917,5917,87
5918,5918,9
5919,5919,28
5920,5920,21
5921,5921,8
5922,5922,23
5923,5923,5
5924,5924,50
5925,5925,74
5926,5926,4
5927,5927,93
5928,5928,84
5929,5929,34
5930,5930,90
5931,5931,31
5932,5932,25
5933,5933,88
5934,5934,76
5935,5935,84
5936,5936,12
5937,5937,27
5938,5938,67
5939,5939,34
5940,5940,99
5941,5941,74
5942,5942,92
5943,5943,91
5944,5944,25
5945,5945,23
5946,5946,77
5947,5947,26
5948,5948,45
5949,5949,40
5950,5950,84
5951,5951,80
5952,5952,63
5953,5953,43
5954,5954,39
5955,5955,66
5956,5956,42
5957,5957,98
5958,5958,19
5959,5959,57
5960,5960,25
5961,5961,9
5962,5962,5
5963,5963,11
5964,5964,0
5965,5965,69
5966,5966,84
5967,5967,20
5968,5968,50
5969,5969,30
5970,5970,46
5971,5971,99
5972,5972,30
5973,5973,8
5974,5974,56
5975,5975,55
5976,5976,96
5977,5977,97
5978,5978,83
5979,5979,65
5980,5980,8
5981,5981,23
5982,5982,95
5983,5983,28
5984,5984,10
5985,5985,50
5986,5986,49
5987,5987,28
5988,5988,59
5989,5989,60
5990,5990,55
5991,5991,42
5992,5992,4
5993,5993,77
5994,5994,29
5995,5995,80
5996,5996,99
5997,5997,76
5998,5998,65
5999,5999,75
6000,6000,68
6001,6001,24
6002,6002,36
6003,6003,20
6004,6004,67
6005,6005,89
6006,6006,63
6007,6007,0
6008,6008,62
6009,6009,24
6010,6010,65
6011,6011,28
6012,6012,14
6013,6013,49
6014,6014,30
6015,6015,96
6016,6016,11
6017,6017,87
6018,6018,36
6019,6019,55
6020,6020,59
6021,6021,22
6022,6022,26
6023,6023,22
6024,6024,6
6025,6025,30
6026,6026,98
6027,6027,62
6028,6028,64
6029,6029,14
6030,6030,36
6031,6031,53
6032,6032,73
6033,6033,1
6034,6034,26
6035,6035,52
6036,6036,81
6037,6037,85
6038,6038,69
6039,6039,24
6040,6040,8
6041,6041,42
6042,6042,14
6043,6043,40
6044,6044,29
6045,6045,60
6046,6046,22
6047,6047,76
6048,6048,26
6049,6049,25
6050,6050,5
6051,6051,9
6052,6052,63
6053,6053,21
6054,6054,60
6055,6055,10
6056,6056,9
6057,6057,70
6058,6058,35
6059,6059,33
6060,6060,69
6061,6061,61
6062,6062,2
6063,6063,4
6064,6064,49
6065,6065,53
6066,6066,4
6067,6067,40
6068,6068,82
6069,6069,67
6070,6070,69
6071,6071,0
6072,6072,73
6073,6073,39
6074,6074,12
6075,6075,2
6076,6076,87
6077,6077,81
6078,6078,60
6079,6079,18
6080,6080,20
6081,6081,34
6082,6082,22
6083,6083,33
6084,6084,2
6085,6085,75
6086,6086,9
6087,6087,60
6088,6088,14
6089,6089,27
6090,6090,74
6091,6091,65
6092,6092,1
6093,6093,74
6094,6094,21
6095,6095,36
6096,6096,17
6097,6097,84
6098,6098,63
6099,6099,9
6100,6100,82
6101,6101,11
6102,6102,6
6103,6103,52
6104,6104,57
6105,6105,34
6106,6106,45
6107,6107,39
6108,6108,46
6109,6109,56
6110,6110,47
6111,6111,61
6112,6112,92
6113,6113,28
6114,6114,89
6115,6115,9
6116,6116,90
6117,6117,82
6118,6118,96
6119,6119,27
6120,6120,30
6121,6121,41
6122,6122,37
6123,6123,26
6124,6124,28
6125,6125,87
6126,6126,90
6127,6127,46
6128,6128,44
6129,6129,84
6130,6130,30
6131,6131,87
6132,6132,13
6133,6133,9
6134,6134,23
6135,6135,8
6136,6136,54
6137,6137,39
6138,6138,28
6139,6139,15
6140,6140,89
6141,6141,23
6142,6142,82
6143,6143,87
6144,6144,14
6145,6145,53
6146,6146,40
6147,6147,91
6148,6148,0
6149,6149,73
6150,6150,0
6151,6151,29
6152,6152,3
6153,6153,59
6154,6154,55
6155,6155,30
6156,6156,20
6157,6157,5
6158,6158,75
6159,6159,23
6160,6160,28
6161,6161,84
6162,6162,99
6163,6163,44
6164,6164,95
6165,6165,85
6166,6166,8
6167,6167,65
6168,6168,9
6169,6169,91
6170,6170,97
6171,6171,58
6172,6172,98
6173,6173,45
6174,6174,99
6175,6175,44
6176,6176,52
6177,6177,88
6178,6178,82
6179,6179,31
6180,6180,3
6181,6181,55
6182,6182,93
6183,6183,24
6184,6184,2
6185,6185,15
6186,6186,85
6187,6187,31
6188,6188,85
6189,6189,91
6190,6190,51
6191,6191,65
6192,6192,53
6193,6193,88
6194,6194,39
6195,6195,32
6196,6196,85
6197,6197,25
6198,6198,91
6199,6199,54
6200,6200,0
6201,6201,31
6202,6202,98
6203,6203,85
6204,6204,75
6205,6205,49
6206,6206,36
6207,6207,37
6208,6208,3
6209,6209,45
6210,6210,50
6211,6211,61
6212,6212,89
6213,6213,86
6214,6214,24
6215,6215,43
6216,6216,98
6217,6217,58
6218,6218,40
6219,6219,29
6220,6220,23
6221,6221,69
6222,6222,64
6223,6223,69
6224,6224,1
6225,6225,26
6226,6226,12
6227,6227,84
6228,6228,52
6229,6229,5
6230,6230,86
6231,6231,44
6232,6232,67
6233,6233,66
6234,6234,67
6235,6235,41
6236,6236,76
6237,6237,11
6238,6238,0
6239,6239,78
6240,6240,31
6241,6241,20
6242,6242,40
6243,6243,0
6244,6244,4
6245,6245,24
6246,6246,53
6247,6247,80
6248,6248,77
6249,6249,62
6250,6250,0
6251,6251,83
6252,6252,37
6253,6253,9
6254,6254,9
6255,6255,77
6256,6256,1
6257,6257,34
6258,6258,67
6259,6259,57
6260,6260,9
6261,6261,27
6262,6262,45
6263,6263,39
6264,6264,36
6265,6265,14
6266,6266,19
6267,6267,4
6268,6268,89
6269,6269,28
6270,6270,5
6271,6271,99
6272,6272,67
6273,6273,15
6274,6274,29
6275,6275,34
6276,6276,77
6277,6277,54
6278,6278,68
6279,6279,61
6280,6280,92
6281,6281,6
6282,6282,55
6283,6283,46
6284,6284,12
6285,6285,13
6286,6286,28
6287,6287,35
6288,6288,39
6289,6289,65
6290,6290,42
6291,6291,98
6292,6292,29
6293,6293,0
6294,6294,80
6295,6295,95
6296,6296,85
6297,6297,25
6298,6298,9
6299,6299,55
6300,6300,96
6301,6301,0
6302,6302,39
6303,6303,95
6304,6304,11
6305,6305,92
6306,6306,85
6307,6307,9
6308,6308,28
6309,6309,83
6310,6310,17
6311,6311,41
6312,6312,99
6313,6313,22
6314,6314,52
6315,6315,97
6316,6316,90
6317,6317,26
6318,6318,0
6319,6319,57
6320,6320,83
6321,6321,44
6322,6322,13
6323,6323,14
6324,6324,10
6325,6325,74
6326,6326,50
6327,6327,1
6328,6328,98
6329,6329,26
6330,6330,84
6331,6331,83
6332,6332,11
6333,6333,0
6334,6334,40
6335,6335,34
6336,6336,84
6337,6337,14
6338,6338,4
6339,6339,23
6340,6340,50
6341,6341,91
6342,6342,77
6343,6343,99
6344,6344,98
6345,6345,39
6346,6346,54
6347,6347,29
6348,6348,99
6349,6349,45
6350,6350,23
6351,6351,58
6352,6352,26
6353,6353,56
6354,6354,55
6355,6355,36
6356,6356,52
6357,6357,4
6358,6358,89
6359,6359,22
6360,6360,57
6361,6361,10
6362,6362,46
6363,6363,99
6364,6364,13
6365,6365,95
6366,6366,14
6367,6367,45
6368,6368,62
6369,6369,28
6370,6370,23
6371,6371,26
6372,6372,22
6373,6373,67
6374,6374,77
6375,6375,85
6376,6376,19
6377,6377,38
6378,6378,49
6379,6379,18
6380,6380,28
6381,6381,30
6382,6382,24
6383,6383,67
6384,6384,67
6385,6385,67
6386,6386,84
6387,6387,98
6388,6388,29
6389,6389,8
6390,6390,9
6391,6391,21
6392,6392,3
6393,6393,1
6394,6394,8
6395,6395,33
6396,6396,87
6397,6397,6
6398,6398,27
6399,6399,37
6400,6400,98
6401,6401,61
6402,6402,53
6403,6403,2
6404,6404,74
6405,6405,84
6406,6406,2
6407,6407,75
6408,6408,31
6409,6409,98
6410,6410,28
6411,6411,49
6412,6412,68
6413,6413,98
6414,6414,28
6415,6415,60
6416,6416,38
6417,6417,80
6418,6418,9
6419,6419,19
6420,6420,9
6421,6421,62
6422,6422,81
6423,6423,24
6424,6424,52
6425,6425,67
6426,6426,14
6427,6427,21
6428,6428,46
6429,6429,21
6430,6430,11
6431,6431,82
6432,6432,49
6433,6433,62
6434,6434,29
6435,6435,21
6436,6436,80
6437,6437,33
6438,6438,46
6439,6439,11
6440,6440,92
6441,6441,48
6442,6442,29
6443,6443,12
6444,6444,52
6445,6445,19
6446,6446,19
6447,6447,19
6448,6448,73
6449,6449,39
6450,6450,18
6451,6451,22
6452,6452,97
6453,6453,0
6454,6454,1
6455,6455,93
6456,6456,34
6457,6457,96
6458,6458,29
6459,6459,47
6460,6460,60
6461,6461,14
6462,6462,35
6463,6463,50
6464,6464,8
6465,6465,84
6466,6466,84
6467,6467,63
6468,6468,23
6469,6469,12
6470,6470,83
